id,customerId,amount,currency,issueDate,dueDate,paidDate,daysLate,status
INV-0001,CUST-001,30595.36,EUR,2026-07-16,2026-08-15,,0,open
INV-0002,CUST-001,26480.56,EUR,2026-01-09,2026-02-08,2026-02-28,20,paid
INV-0003,CUST-001,27884.79,EUR,2026-01-18,2026-02-17,2026-03-05,16,paid
INV-0004,CUST-001,25046.5,EUR,2026-04-18,2026-05-18,2026-06-02,15,paid
INV-0005,CUST-002,43166.89,EUR,2025-11-23,2025-12-23,2026-01-13,21,paid
INV-0006,CUST-002,8928.98,EUR,2026-01-16,2026-02-15,2026-03-14,27,paid
INV-0007,CUST-002,19323.91,EUR,2026-04-06,2026-05-06,2026-05-29,23,paid
INV-0008,CUST-002,38561.21,EUR,2026-01-17,2026-02-16,2026-03-05,17,paid
INV-0009,CUST-002,8751.1,EUR,2025-12-04,2026-01-03,2026-01-11,8,paid
INV-0010,CUST-002,31121.73,EUR,2025-10-01,2025-10-31,2025-11-06,6,paid
INV-0011,CUST-003,25346.03,EUR,2026-03-24,2026-04-23,2026-05-17,24,paid
INV-0012,CUST-003,7246.29,EUR,2026-04-13,2026-05-13,2026-05-22,9,paid
INV-0013,CUST-003,36410.54,EUR,2025-11-22,2025-12-22,2026-01-02,11,paid
INV-0014,CUST-003,22882.22,EUR,2025-12-19,2026-01-18,2026-02-27,40,paid
INV-0015,CUST-003,24402.03,EUR,2025-10-31,2025-11-30,2025-12-20,20,paid
INV-0016,CUST-003,14061.51,EUR,2025-11-15,2025-12-15,2026-01-19,35,paid
INV-0017,CUST-004,18409.36,EUR,2026-06-28,2026-07-28,2026-07-28,0,paid
INV-0018,CUST-004,36770.76,EUR,2026-04-03,2026-05-03,2026-06-02,30,paid
INV-0019,CUST-004,5056.54,EUR,2025-09-03,2025-10-03,2025-10-24,21,paid
INV-0020,CUST-004,16754.52,EUR,2026-03-11,2026-04-10,2026-05-15,35,paid
INV-0021,CUST-004,41987.53,EUR,2025-10-10,2025-11-09,2025-11-25,16,paid
INV-0022,CUST-004,1676.72,EUR,2026-01-27,2026-02-26,2026-03-05,7,paid
INV-0023,CUST-004,39137.69,EUR,2026-01-24,2026-02-23,2026-04-02,38,paid
INV-0024,CUST-004,26296.94,EUR,2026-04-12,2026-05-12,2026-06-22,41,paid
INV-0025,CUST-005,44088.29,EUR,2026-04-24,2026-05-24,2026-06-11,18,paid
INV-0026,CUST-005,15168.99,EUR,2026-01-22,2026-02-21,2026-03-25,32,paid
INV-0027,CUST-005,35043.7,EUR,2025-11-15,2025-12-15,2026-01-12,28,paid
INV-0028,CUST-005,17643.34,EUR,2026-06-12,2026-07-12,2026-08-01,20,paid
INV-0029,CUST-005,39176.99,EUR,2026-05-09,2026-06-08,2026-07-18,40,paid
INV-0030,CUST-005,19444.29,EUR,2026-01-31,2026-03-02,2026-04-10,39,paid
INV-0031,CUST-005,18690.95,EUR,2025-10-03,2025-11-02,2025-11-06,4,paid
INV-0032,CUST-005,7960.38,EUR,2026-06-12,2026-07-12,2026-07-22,10,paid
INV-0033,CUST-006,27558.02,EUR,2026-03-08,2026-04-07,2026-05-02,25,paid
INV-0034,CUST-006,40035.98,EUR,2026-03-06,2026-04-05,2026-04-28,23,paid
INV-0035,CUST-006,23825.36,EUR,2025-09-25,2025-10-25,2025-11-22,28,paid
INV-0036,CUST-006,8195.46,EUR,2025-12-23,2026-01-22,2026-01-23,1,paid
INV-0037,CUST-006,32967.54,EUR,2026-05-19,2026-06-18,2026-07-18,30,paid
INV-0038,CUST-006,33938.5,EUR,2025-07-29,2025-08-28,2025-09-10,13,paid
INV-0039,CUST-007,5353.01,EUR,2025-12-31,2026-01-30,2026-02-03,4,paid
INV-0040,CUST-007,25040.77,EUR,2025-11-22,2025-12-22,2025-12-23,1,paid
INV-0041,CUST-007,23960.04,EUR,2025-12-31,2026-01-30,2026-02-04,5,paid
INV-0042,CUST-007,12400.39,EUR,2026-05-30,2026-06-29,2026-07-19,20,paid
INV-0043,CUST-007,14474.18,EUR,2026-01-04,2026-02-03,2026-02-18,15,paid
INV-0044,CUST-008,28490.45,EUR,2025-12-08,2026-01-07,2026-01-15,8,paid
INV-0045,CUST-008,37862.49,EUR,2025-10-26,2025-11-25,2025-11-26,1,paid
INV-0046,CUST-008,30128.87,EUR,2026-07-05,2026-08-04,2026-08-09,5,paid
INV-0047,CUST-008,21449.95,EUR,2025-11-21,2025-12-21,2026-01-24,34,paid
INV-0048,CUST-008,25045.7,EUR,2026-03-05,2026-04-04,2026-04-12,8,paid
INV-0049,CUST-008,24636.51,EUR,2025-07-30,2025-08-29,2025-10-05,37,paid
INV-0050,CUST-009,28692.3,EUR,2025-12-01,2025-12-31,2026-02-09,40,paid
INV-0051,CUST-009,20026.0,EUR,2025-10-07,2025-11-06,2025-12-16,40,paid
INV-0052,CUST-009,24393.26,EUR,2025-08-29,2025-09-28,2025-10-20,22,paid
INV-0053,CUST-009,24653.33,EUR,2025-11-18,2025-12-18,2025-12-23,5,paid
INV-0054,CUST-009,14407.77,EUR,2025-12-08,2026-01-07,2026-02-02,26,paid
INV-0055,CUST-009,7682.72,EUR,2026-03-11,2026-04-10,2026-04-10,0,paid
INV-0056,CUST-009,23930.58,EUR,2026-07-22,2026-08-21,,0,open
INV-0057,CUST-009,15999.71,EUR,2026-05-14,2026-06-13,2026-06-13,0,paid
INV-0058,CUST-010,14042.78,EUR,2025-11-20,2025-12-20,2026-01-16,27,paid
INV-0059,CUST-010,27187.57,EUR,2026-02-23,2026-03-25,2026-03-25,0,paid
INV-0060,CUST-010,17315.06,EUR,2025-10-15,2025-11-14,2025-12-10,26,paid
INV-0061,CUST-010,20120.1,EUR,2025-10-08,2025-11-07,2025-11-22,15,paid
INV-0062,CUST-010,32400.26,EUR,2026-04-30,2026-05-30,2026-07-10,41,paid
INV-0063,CUST-010,37416.47,EUR,2026-01-04,2026-02-03,2026-02-17,14,paid
INV-0064,CUST-010,4301.07,EUR,2026-03-10,2026-04-09,2026-05-19,40,paid
INV-0065,CUST-011,34592.59,EUR,2025-10-31,2025-11-30,2026-01-08,39,paid
INV-0066,CUST-011,31061.1,EUR,2025-08-01,2025-08-31,2025-09-18,18,paid
INV-0067,CUST-011,33637.37,EUR,2025-08-24,2025-09-23,2025-10-10,17,paid
INV-0068,CUST-011,9109.63,EUR,2025-12-23,2026-01-22,2026-01-26,4,paid
INV-0069,CUST-011,6838.78,EUR,2026-04-20,2026-05-20,2026-05-27,7,paid
INV-0070,CUST-012,20812.31,EUR,2025-09-09,2025-10-09,2025-11-22,44,paid
INV-0071,CUST-012,22546.22,EUR,2025-09-07,2025-10-07,2025-10-27,20,paid
INV-0072,CUST-012,7525.0,EUR,2026-07-13,2026-08-12,,0,open
INV-0073,CUST-012,1778.19,EUR,2025-10-22,2025-11-21,2025-11-27,6,paid
INV-0074,CUST-012,12698.42,EUR,2026-02-28,2026-03-30,2026-05-14,45,paid
INV-0075,CUST-012,32938.13,EUR,2025-12-10,2026-01-09,2026-01-23,14,paid
INV-0076,CUST-012,7460.22,EUR,2026-06-06,2026-07-06,2026-07-16,10,paid
INV-0077,CUST-013,35529.06,EUR,2026-02-13,2026-03-15,2026-04-15,31,paid
INV-0078,CUST-013,21294.85,EUR,2026-01-13,2026-02-12,2026-02-14,2,paid
INV-0079,CUST-013,4345.86,EUR,2026-02-03,2026-03-05,2026-03-14,9,paid
INV-0080,CUST-013,12579.46,EUR,2026-06-24,2026-07-24,2026-08-10,17,paid
INV-0081,CUST-013,8826.89,EUR,2025-11-24,2025-12-24,2026-01-09,16,paid
INV-0082,CUST-013,37408.74,EUR,2026-01-08,2026-02-07,2026-02-14,7,paid
INV-0083,CUST-013,17808.07,EUR,2026-03-17,2026-04-16,2026-05-14,28,paid
INV-0084,CUST-014,9603.75,EUR,2026-07-05,2026-08-04,2026-08-05,1,paid
INV-0085,CUST-014,30237.55,EUR,2025-10-29,2025-11-28,2025-12-11,13,paid
INV-0086,CUST-014,17999.23,EUR,2025-11-22,2025-12-22,2026-01-10,19,paid
INV-0087,CUST-014,7810.63,EUR,2026-02-07,2026-03-09,2026-03-11,2,paid
INV-0088,CUST-014,23824.94,EUR,2025-10-14,2025-11-13,2025-11-29,16,paid
INV-0089,CUST-015,14007.54,EUR,2025-08-30,2025-09-29,2025-10-22,23,paid
INV-0090,CUST-015,38973.67,EUR,2026-06-26,2026-07-26,2026-07-29,3,paid
INV-0091,CUST-015,28774.58,EUR,2026-03-24,2026-04-23,2026-05-13,20,paid
INV-0092,CUST-015,8197.33,EUR,2026-07-15,2026-08-14,,0,open
INV-0093,CUST-015,26643.6,EUR,2026-03-03,2026-04-02,2026-04-27,25,paid
INV-0094,CUST-015,1194.7,EUR,2026-03-20,2026-04-19,2026-04-21,2,paid
INV-0095,CUST-015,35429.61,EUR,2025-09-28,2025-10-28,2025-11-27,30,paid
INV-0096,CUST-016,17215.82,EUR,2026-05-04,2026-06-03,2026-06-08,5,paid
INV-0097,CUST-016,7770.27,EUR,2026-03-17,2026-04-16,2026-04-21,5,paid
INV-0098,CUST-016,28144.1,EUR,2025-08-05,2025-09-04,2025-10-14,40,paid
INV-0099,CUST-016,3442.06,EUR,2026-06-22,2026-07-22,2026-08-08,17,paid
INV-0100,CUST-016,6361.57,EUR,2026-05-29,2026-06-28,2026-07-15,17,paid
INV-0101,CUST-016,34246.03,EUR,2025-08-26,2025-09-25,2025-10-23,28,paid
INV-0102,CUST-016,1743.8,EUR,2026-04-15,2026-05-15,2026-06-08,24,paid
INV-0103,CUST-016,32818.44,EUR,2026-01-20,2026-02-19,2026-03-07,16,paid
INV-0104,CUST-017,32032.87,EUR,2025-11-16,2025-12-16,2026-01-20,35,paid
INV-0105,CUST-017,24788.85,EUR,2026-02-22,2026-03-24,2026-04-24,31,paid
INV-0106,CUST-017,25848.22,EUR,2026-04-16,2026-05-16,2026-06-19,34,paid
INV-0107,CUST-017,15106.69,EUR,2026-01-25,2026-02-24,2026-03-25,29,paid
INV-0108,CUST-018,41219.75,EUR,2025-09-19,2025-10-19,2025-11-23,35,paid
INV-0109,CUST-018,3844.34,EUR,2026-05-01,2026-05-31,2026-06-09,9,paid
INV-0110,CUST-018,13868.73,EUR,2025-12-04,2026-01-03,2026-01-19,16,paid
INV-0111,CUST-018,17026.38,EUR,2025-10-18,2025-11-17,2025-11-17,0,paid
INV-0112,CUST-018,23163.33,EUR,2025-08-30,2025-09-29,2025-10-10,11,paid
INV-0113,CUST-018,28192.27,EUR,2026-07-13,2026-08-12,,0,open
INV-0114,CUST-019,11354.37,EUR,2025-09-08,2025-10-08,2025-10-12,4,paid
INV-0115,CUST-019,43548.61,EUR,2025-08-19,2025-09-18,2025-10-12,24,paid
INV-0116,CUST-019,23963.88,EUR,2026-04-16,2026-05-16,2026-06-16,31,paid
INV-0117,CUST-019,7612.61,EUR,2025-10-13,2025-11-12,2025-11-30,18,paid
INV-0118,CUST-019,18913.36,EUR,2026-02-07,2026-03-09,2026-03-29,20,paid
INV-0119,CUST-019,5054.53,EUR,2026-05-27,2026-06-26,2026-06-27,1,paid
INV-0120,CUST-020,39408.38,EUR,2026-04-22,2026-05-22,2026-06-03,12,paid
INV-0121,CUST-020,22253.37,EUR,2026-05-29,2026-06-28,,44,overdue
INV-0122,CUST-020,29165.42,EUR,2025-10-03,2025-11-02,2025-11-26,24,paid
INV-0123,CUST-020,22454.01,EUR,2025-08-20,2025-09-19,2025-10-28,39,paid
INV-0124,CUST-020,26891.3,EUR,2025-07-28,2025-08-27,2025-08-30,3,paid
INV-0125,CUST-021,27583.15,EUR,2026-03-31,2026-04-30,2026-05-04,4,paid
INV-0126,CUST-021,41915.33,EUR,2026-07-16,2026-08-15,,0,open
INV-0127,CUST-021,29784.12,EUR,2026-04-07,2026-05-07,2026-05-12,5,paid
INV-0128,CUST-021,36205.08,EUR,2025-11-25,2025-12-25,2025-12-28,3,paid
INV-0129,CUST-021,25464.48,EUR,2026-01-19,2026-02-18,2026-03-16,26,paid
INV-0130,CUST-021,35905.83,EUR,2026-01-15,2026-02-14,2026-02-17,3,paid
INV-0131,CUST-022,24182.72,EUR,2026-03-08,2026-04-07,2026-04-11,4,paid
INV-0132,CUST-022,4244.74,EUR,2026-02-17,2026-03-19,2026-04-01,13,paid
INV-0133,CUST-022,5092.67,EUR,2025-10-30,2025-11-29,2025-12-13,14,paid
INV-0134,CUST-022,17831.63,EUR,2025-10-23,2025-11-22,2025-12-04,12,paid
INV-0135,CUST-022,29833.94,EUR,2025-10-26,2025-11-25,2025-12-31,36,paid
INV-0136,CUST-022,42679.65,EUR,2025-09-05,2025-10-05,2025-11-09,35,paid
INV-0137,CUST-022,19151.16,EUR,2025-10-10,2025-11-09,2025-11-15,6,paid
INV-0138,CUST-022,26284.11,EUR,2025-08-30,2025-09-29,2025-11-11,43,paid
INV-0139,CUST-023,30203.71,EUR,2025-07-28,2025-08-27,2025-09-02,6,paid
INV-0140,CUST-023,35826.8,EUR,2026-04-28,2026-05-28,2026-07-02,35,paid
INV-0141,CUST-023,23107.42,EUR,2025-12-29,2026-01-28,2026-03-11,42,paid
INV-0142,CUST-023,24398.4,EUR,2026-05-03,2026-06-02,2026-07-10,38,paid
INV-0143,CUST-023,42061.58,EUR,2025-12-08,2026-01-07,2026-01-27,20,paid
INV-0144,CUST-023,44622.66,EUR,2025-10-14,2025-11-13,2025-12-03,20,paid
INV-0145,CUST-023,19025.57,EUR,2026-01-13,2026-02-12,2026-03-24,40,paid
INV-0146,CUST-024,27691.87,EUR,2026-02-07,2026-03-09,2026-04-14,36,paid
INV-0147,CUST-024,10255.62,EUR,2025-10-16,2025-11-15,2025-12-20,35,paid
INV-0148,CUST-024,16712.38,EUR,2026-03-14,2026-04-13,2026-05-11,28,paid
INV-0149,CUST-024,43224.24,EUR,2025-12-05,2026-01-04,2026-01-04,0,paid
INV-0150,CUST-024,44246.68,EUR,2026-07-05,2026-08-04,2026-08-06,2,paid
INV-0151,CUST-024,1090.34,EUR,2026-02-18,2026-03-20,2026-04-03,14,paid
INV-0152,CUST-024,38622.84,EUR,2026-04-04,2026-05-04,2026-05-05,1,paid
INV-0153,CUST-025,23398.2,EUR,2025-10-12,2025-11-11,2025-12-17,36,paid
INV-0154,CUST-025,7638.39,EUR,2025-10-03,2025-11-02,2025-11-04,2,paid
INV-0155,CUST-025,16519.98,EUR,2025-11-29,2025-12-29,2026-01-06,8,paid
INV-0156,CUST-025,17025.06,EUR,2026-03-09,2026-04-08,2026-05-15,37,paid
INV-0157,CUST-025,11098.34,EUR,2026-03-17,2026-04-16,2026-05-05,19,paid
INV-0158,CUST-025,26015.53,EUR,2026-06-05,2026-07-05,2026-07-11,6,paid
INV-0159,CUST-026,35846.37,EUR,2026-02-06,2026-03-08,2026-03-19,11,paid
INV-0160,CUST-026,37296.17,EUR,2025-11-15,2025-12-15,2026-01-28,44,paid
INV-0161,CUST-026,26269.47,EUR,2025-07-28,2025-08-27,2025-09-02,6,paid
INV-0162,CUST-026,29187.65,EUR,2025-09-21,2025-10-21,2025-10-23,2,paid
INV-0163,CUST-027,4268.7,EUR,2026-01-08,2026-02-07,2026-02-10,3,paid
INV-0164,CUST-027,16178.52,EUR,2026-02-01,2026-03-03,2026-03-30,27,paid
INV-0165,CUST-027,41916.88,EUR,2025-12-21,2026-01-20,2026-01-27,7,paid
INV-0166,CUST-027,33847.4,EUR,2026-03-28,2026-04-27,2026-06-04,38,paid
INV-0167,CUST-027,28817.81,EUR,2026-07-17,2026-08-16,,0,open
INV-0168,CUST-027,17705.92,EUR,2025-09-02,2025-10-02,2025-10-21,19,paid
INV-0169,CUST-027,2620.26,EUR,2025-10-27,2025-11-26,2025-12-30,34,paid
INV-0170,CUST-027,7411.44,EUR,2025-10-06,2025-11-05,2025-12-07,32,paid
INV-0171,CUST-028,3032.98,EUR,2026-05-05,2026-06-04,2026-06-29,25,paid
INV-0172,CUST-028,34075.54,EUR,2025-12-06,2026-01-05,2026-02-10,36,paid
INV-0173,CUST-028,4781.67,EUR,2025-11-06,2025-12-06,2026-01-02,27,paid
INV-0174,CUST-028,35557.48,EUR,2026-02-24,2026-03-26,2026-04-04,9,paid
INV-0175,CUST-028,15658.63,EUR,2026-05-16,2026-06-15,2026-07-08,23,paid
INV-0176,CUST-029,18444.26,EUR,2025-10-15,2025-11-14,2025-11-19,5,paid
INV-0177,CUST-029,22980.58,EUR,2025-12-30,2026-01-29,2026-03-14,44,paid
INV-0178,CUST-029,34481.86,EUR,2026-05-17,2026-06-16,2026-06-22,6,paid
INV-0179,CUST-029,18273.09,EUR,2025-11-15,2025-12-15,2026-01-20,36,paid
INV-0180,CUST-030,28027.06,EUR,2025-10-08,2025-11-07,2025-12-10,33,paid
INV-0181,CUST-030,11510.33,EUR,2026-03-18,2026-04-17,2026-05-04,17,paid
INV-0182,CUST-030,15094.79,EUR,2025-12-14,2026-01-13,2026-02-18,36,paid
INV-0183,CUST-030,5773.82,EUR,2026-06-07,2026-07-07,2026-07-18,11,paid
INV-0184,CUST-030,9219.65,EUR,2026-01-25,2026-02-24,2026-03-18,22,paid
INV-0185,CUST-031,1869.94,EUR,2025-08-21,2025-09-20,2025-10-09,19,paid
INV-0186,CUST-031,44454.21,EUR,2026-04-27,2026-05-27,2026-07-05,39,paid
INV-0187,CUST-031,28344.65,EUR,2025-12-08,2026-01-07,2026-02-04,28,paid
INV-0188,CUST-031,41650.22,EUR,2026-06-30,2026-07-30,2026-08-09,10,paid
INV-0189,CUST-031,7694.81,EUR,2026-01-12,2026-02-11,2026-02-16,5,paid
INV-0190,CUST-031,33489.51,EUR,2026-05-26,2026-06-25,2026-07-14,19,paid
INV-0191,CUST-031,39198.85,EUR,2026-05-08,2026-06-07,2026-06-25,18,paid
INV-0192,CUST-031,15972.59,EUR,2026-07-15,2026-08-14,,0,open
INV-0193,CUST-032,20692.72,EUR,2026-02-16,2026-03-18,2026-03-19,1,paid
INV-0194,CUST-032,10038.22,EUR,2026-02-03,2026-03-05,2026-04-08,34,paid
INV-0195,CUST-032,9808.02,EUR,2026-04-05,2026-05-05,2026-06-07,33,paid
INV-0196,CUST-032,25056.96,EUR,2026-03-12,2026-04-11,2026-05-20,39,paid
INV-0197,CUST-033,31684.98,EUR,2025-08-01,2025-08-31,2025-09-01,1,paid
INV-0198,CUST-033,26568.82,EUR,2026-01-11,2026-02-10,2026-03-24,42,paid
INV-0199,CUST-033,2721.9,EUR,2025-10-26,2025-11-25,2025-12-05,10,paid
INV-0200,CUST-033,13353.4,EUR,2026-06-22,2026-07-22,2026-08-10,19,paid
INV-0201,CUST-033,3146.37,EUR,2026-03-06,2026-04-05,2026-05-16,41,paid
INV-0202,CUST-034,17978.12,EUR,2026-06-18,2026-07-18,2026-08-08,21,paid
INV-0203,CUST-034,39001.28,EUR,2026-01-19,2026-02-18,2026-02-19,1,paid
INV-0204,CUST-034,39139.54,EUR,2026-02-23,2026-03-25,2026-05-05,41,paid
INV-0205,CUST-034,11017.65,EUR,2026-01-06,2026-02-05,2026-03-01,24,paid
INV-0206,CUST-035,40751.15,EUR,2026-06-02,2026-07-02,2026-07-21,19,paid
INV-0207,CUST-035,4690.51,EUR,2025-10-23,2025-11-22,2025-12-04,12,paid
INV-0208,CUST-035,43532.18,EUR,2025-11-08,2025-12-08,2026-01-12,35,paid
INV-0209,CUST-035,2557.06,EUR,2026-07-11,2026-08-10,2026-08-11,1,paid
INV-0210,CUST-035,22455.03,EUR,2026-02-02,2026-03-04,2026-03-14,10,paid
INV-0211,CUST-035,16127.67,EUR,2026-07-13,2026-08-12,,0,open
INV-0212,CUST-035,16507.71,EUR,2026-01-23,2026-02-22,2026-03-13,19,paid
INV-0213,CUST-035,44822.95,EUR,2026-03-24,2026-04-23,2026-05-25,32,paid
INV-0214,CUST-036,28460.02,EUR,2026-06-21,2026-07-21,2026-07-21,0,paid
INV-0215,CUST-036,42750.95,EUR,2025-10-11,2025-11-10,2025-11-24,14,paid
INV-0216,CUST-036,15906.95,EUR,2026-05-06,2026-06-05,2026-06-30,25,paid
INV-0217,CUST-036,6866.92,EUR,2025-08-20,2025-09-19,2025-10-13,24,paid
INV-0218,CUST-036,43258.77,EUR,2025-10-29,2025-11-28,2026-01-06,39,paid
INV-0219,CUST-036,31144.33,EUR,2025-09-05,2025-10-05,2025-10-31,26,paid
INV-0220,CUST-037,7551.51,EUR,2025-10-02,2025-11-01,2025-11-20,19,paid
INV-0221,CUST-037,15354.39,EUR,2025-09-16,2025-10-16,2025-11-19,34,paid
INV-0222,CUST-037,9938.67,EUR,2026-05-16,2026-06-15,2026-07-02,17,paid
INV-0223,CUST-037,36164.64,EUR,2025-08-06,2025-09-05,2025-09-13,8,paid
INV-0224,CUST-037,31233.12,EUR,2026-02-14,2026-03-16,2026-04-18,33,paid
INV-0225,CUST-038,44809.31,EUR,2025-12-14,2026-01-13,2026-01-22,9,paid
INV-0226,CUST-038,42039.92,EUR,2025-08-21,2025-09-20,2025-09-30,10,paid
INV-0227,CUST-038,3797.38,EUR,2026-02-10,2026-03-12,2026-04-15,34,paid
INV-0228,CUST-038,8938.78,EUR,2026-05-23,2026-06-22,2026-06-26,4,paid
INV-0229,CUST-038,34632.23,EUR,2026-07-07,2026-08-06,2026-08-09,3,paid
INV-0230,CUST-039,20380.8,EUR,2026-02-17,2026-03-19,2026-04-28,40,paid
INV-0231,CUST-039,7516.5,EUR,2026-03-04,2026-04-03,2026-04-15,12,paid
INV-0232,CUST-039,6614.33,EUR,2026-05-29,2026-06-28,,44,overdue
INV-0233,CUST-039,28069.04,EUR,2025-09-12,2025-10-12,2025-11-19,38,paid
INV-0234,CUST-039,27866.4,EUR,2025-10-05,2025-11-04,2025-12-12,38,paid
INV-0235,CUST-039,11006.33,EUR,2026-03-26,2026-04-25,2026-04-26,1,paid
INV-0236,CUST-039,4312.81,EUR,2026-01-20,2026-02-19,2026-03-21,30,paid
INV-0237,CUST-040,38199.31,EUR,2025-11-07,2025-12-07,2026-01-06,30,paid
INV-0238,CUST-040,17329.01,EUR,2025-08-24,2025-09-23,2025-10-17,24,paid
INV-0239,CUST-040,21744.03,EUR,2025-11-13,2025-12-13,2025-12-23,10,paid
INV-0240,CUST-040,10801.27,EUR,2026-04-15,2026-05-15,2026-06-10,26,paid
INV-0241,CUST-040,41704.23,EUR,2026-07-15,2026-08-14,,0,open
INV-0242,CUST-041,33612.61,EUR,2026-03-31,2026-04-30,2026-05-12,12,paid
INV-0243,CUST-041,3723.23,EUR,2026-04-09,2026-05-09,2026-06-06,28,paid
INV-0244,CUST-041,22455.48,EUR,2025-09-10,2025-10-10,2025-10-30,20,paid
INV-0245,CUST-041,40031.34,EUR,2025-11-30,2025-12-30,2026-01-26,27,paid
INV-0246,CUST-041,35108.69,EUR,2025-12-27,2026-01-26,2026-03-05,38,paid
INV-0247,CUST-041,32632.88,EUR,2026-01-09,2026-02-08,2026-03-05,25,paid
INV-0248,CUST-041,42309.95,EUR,2025-09-12,2025-10-12,2025-11-17,36,paid
INV-0249,CUST-042,24015.19,EUR,2025-10-21,2025-11-20,2026-01-04,45,paid
INV-0250,CUST-042,23812.69,EUR,2026-07-03,2026-08-02,2026-08-02,0,paid
INV-0251,CUST-042,23726.66,EUR,2026-03-19,2026-04-18,2026-05-13,25,paid
INV-0252,CUST-042,25450.38,EUR,2026-07-02,2026-08-01,2026-08-11,10,paid
INV-0253,CUST-042,9191.39,EUR,2026-06-27,2026-07-27,2026-08-05,9,paid
INV-0254,CUST-042,21191.54,EUR,2026-02-26,2026-03-28,2026-04-24,27,paid
INV-0255,CUST-042,27900.54,EUR,2026-02-22,2026-03-24,2026-03-27,3,paid
INV-0256,CUST-042,23650.06,EUR,2025-08-03,2025-09-02,2025-09-11,9,paid
INV-0257,CUST-043,20765.06,EUR,2025-08-26,2025-09-25,2025-10-27,32,paid
INV-0258,CUST-043,8745.9,EUR,2026-05-26,2026-06-25,2026-07-23,28,paid
INV-0259,CUST-043,24951.19,EUR,2025-07-31,2025-08-30,2025-09-24,25,paid
INV-0260,CUST-043,15096.97,EUR,2025-12-23,2026-01-22,2026-01-23,1,paid
INV-0261,CUST-043,20852.69,EUR,2026-04-22,2026-05-22,2026-07-06,45,paid
INV-0262,CUST-043,39808.64,EUR,2026-04-10,2026-05-10,2026-05-15,5,paid
INV-0263,CUST-043,15124.11,EUR,2026-03-16,2026-04-15,2026-05-26,41,paid
INV-0264,CUST-044,4830.65,EUR,2026-05-20,2026-06-19,2026-07-09,20,paid
INV-0265,CUST-044,4570.55,EUR,2026-01-18,2026-02-17,2026-04-03,45,paid
INV-0266,CUST-044,32927.82,EUR,2026-01-07,2026-02-06,2026-03-10,32,paid
INV-0267,CUST-044,42779.12,EUR,2025-09-12,2025-10-12,2025-11-05,24,paid
INV-0268,CUST-044,17622.83,EUR,2025-10-14,2025-11-13,2025-11-23,10,paid
INV-0269,CUST-045,39311.7,EUR,2025-10-06,2025-11-05,2025-11-14,9,paid
INV-0270,CUST-045,39201.78,EUR,2026-04-30,2026-05-30,2026-06-10,11,paid
INV-0271,CUST-045,19345.51,EUR,2026-06-26,2026-07-26,2026-08-09,14,paid
INV-0272,CUST-045,28489.22,EUR,2026-02-25,2026-03-27,2026-04-03,7,paid
INV-0273,CUST-045,43251.18,EUR,2026-05-16,2026-06-15,,57,overdue
INV-0274,CUST-045,1339.58,EUR,2026-03-15,2026-04-14,2026-05-15,31,paid
INV-0275,CUST-046,36489.49,EUR,2025-10-17,2025-11-16,2025-12-24,38,paid
INV-0276,CUST-046,11314.22,EUR,2025-11-12,2025-12-12,2026-01-18,37,paid
INV-0277,CUST-046,21826.47,EUR,2025-08-19,2025-09-18,2025-10-14,26,paid
INV-0278,CUST-046,4309.7,EUR,2025-12-08,2026-01-07,2026-02-14,38,paid
INV-0279,CUST-046,11616.32,EUR,2026-07-19,2026-08-18,,0,open
INV-0280,CUST-046,13092.59,EUR,2025-10-15,2025-11-14,2025-12-24,40,paid
INV-0281,CUST-046,37049.37,EUR,2025-10-10,2025-11-09,2025-11-22,13,paid
INV-0282,CUST-047,7352.92,EUR,2026-04-19,2026-05-19,2026-06-29,41,paid
INV-0283,CUST-047,2423.07,EUR,2026-01-25,2026-02-24,2026-02-26,2,paid
INV-0284,CUST-047,26351.7,EUR,2025-08-15,2025-09-14,2025-10-22,38,paid
INV-0285,CUST-047,15435.11,EUR,2026-02-20,2026-03-22,2026-03-27,5,paid
INV-0286,CUST-048,19229.5,EUR,2026-03-19,2026-04-18,,50,overdue
INV-0287,CUST-048,27810.17,EUR,2025-12-19,2026-01-18,2026-03-09,50,paid
INV-0288,CUST-048,41971.41,EUR,2025-11-10,2025-12-10,2026-01-26,47,paid
INV-0289,CUST-048,17090.77,EUR,2025-11-29,2025-12-29,2026-02-24,57,paid
INV-0290,CUST-049,3669.72,EUR,2025-10-14,2025-11-13,2025-12-13,30,paid
INV-0291,CUST-049,6193.43,EUR,2026-05-15,2026-06-14,2026-06-24,10,paid
INV-0292,CUST-049,19088.1,EUR,2025-10-26,2025-11-25,2025-12-08,13,paid
INV-0293,CUST-049,10040.05,EUR,2025-07-31,2025-08-30,2025-09-02,3,paid
INV-0294,CUST-049,26054.42,EUR,2026-05-28,2026-06-27,2026-07-13,16,paid
INV-0295,CUST-049,22177.9,EUR,2026-06-08,2026-07-08,2026-08-06,29,paid
INV-0296,CUST-049,19675.77,EUR,2026-02-25,2026-03-27,2026-04-16,20,paid
INV-0297,CUST-050,26221.31,EUR,2025-10-26,2025-11-25,2026-01-03,39,paid
INV-0298,CUST-050,41778.06,EUR,2026-01-22,2026-02-21,2026-04-01,39,paid
INV-0299,CUST-050,22740.74,EUR,2025-10-07,2025-11-06,2025-12-16,40,paid
INV-0300,CUST-050,22568.7,EUR,2025-11-10,2025-12-10,2025-12-21,11,paid
INV-0301,CUST-050,11086.3,EUR,2025-09-13,2025-10-13,2025-10-31,18,paid
INV-0302,CUST-050,869.88,EUR,2026-04-14,2026-05-14,2026-05-15,1,paid
INV-0303,CUST-051,36015.58,EUR,2025-09-05,2025-10-05,2025-10-18,13,paid
INV-0304,CUST-051,44955.23,EUR,2025-09-10,2025-10-10,2025-11-05,26,paid
INV-0305,CUST-051,15553.62,EUR,2026-06-29,2026-07-29,2026-08-08,10,paid
INV-0306,CUST-051,1299.34,EUR,2026-04-05,2026-05-05,2026-05-17,12,paid
INV-0307,CUST-051,13247.9,EUR,2025-08-03,2025-09-02,2025-09-06,4,paid
INV-0308,CUST-051,14072.55,EUR,2026-02-15,2026-03-17,2026-04-21,35,paid
INV-0309,CUST-051,34702.84,EUR,2026-02-07,2026-03-09,2026-03-16,7,paid
INV-0310,CUST-052,18305.38,EUR,2026-01-29,2026-02-28,2026-04-05,36,paid
INV-0311,CUST-052,43236.99,EUR,2025-09-10,2025-10-10,2025-10-21,11,paid
INV-0312,CUST-052,15408.76,EUR,2026-04-14,2026-05-14,2026-06-04,21,paid
INV-0313,CUST-052,21976.59,EUR,2025-08-12,2025-09-11,2025-10-11,30,paid
INV-0314,CUST-052,29337.83,EUR,2026-07-04,2026-08-03,2026-08-10,7,paid
INV-0315,CUST-052,40400.04,EUR,2025-10-21,2025-11-20,2025-12-19,29,paid
INV-0316,CUST-053,37711.67,EUR,2026-06-24,2026-07-24,2026-08-03,10,paid
INV-0317,CUST-053,24486.14,EUR,2025-10-11,2025-11-10,2025-11-23,13,paid
INV-0318,CUST-053,31098.8,EUR,2025-09-30,2025-10-30,2025-11-21,22,paid
INV-0319,CUST-053,43656.91,EUR,2026-06-19,2026-07-19,2026-07-19,0,paid
INV-0320,CUST-053,44275.95,EUR,2026-01-30,2026-03-01,2026-04-10,40,paid
INV-0321,CUST-053,38034.34,EUR,2025-10-22,2025-11-21,2025-12-27,36,paid
INV-0322,CUST-053,18018.83,EUR,2025-09-15,2025-10-15,2025-11-22,38,paid
INV-0323,CUST-054,31972.77,EUR,2026-02-15,2026-03-17,2026-04-06,20,paid
INV-0324,CUST-054,12800.19,EUR,2026-07-06,2026-08-05,,6,overdue
INV-0325,CUST-054,17223.99,EUR,2026-03-23,2026-04-22,2026-05-11,19,paid
INV-0326,CUST-054,24009.44,EUR,2026-04-03,2026-05-03,2026-05-14,11,paid
INV-0327,CUST-055,35494.52,EUR,2026-01-12,2026-02-11,2026-02-23,12,paid
INV-0328,CUST-055,20414.81,EUR,2026-06-05,2026-07-05,,37,overdue
INV-0329,CUST-055,40799.05,EUR,2025-11-17,2025-12-17,2025-12-26,9,paid
INV-0330,CUST-055,15833.12,EUR,2026-04-16,2026-05-16,2026-06-15,30,paid
INV-0331,CUST-056,35078.57,EUR,2026-02-14,2026-03-16,2026-03-25,9,paid
INV-0332,CUST-056,37138.52,EUR,2026-06-02,2026-07-02,2026-07-23,21,paid
INV-0333,CUST-056,9869.27,EUR,2026-05-16,2026-06-15,,57,overdue
INV-0334,CUST-056,32344.54,EUR,2026-01-05,2026-02-04,2026-03-09,33,paid
INV-0335,CUST-056,981.66,EUR,2026-05-24,2026-06-23,2026-07-14,21,paid
INV-0336,CUST-056,39336.88,EUR,2025-09-21,2025-10-21,2025-11-11,21,paid
INV-0337,CUST-056,40102.02,EUR,2025-11-25,2025-12-25,2025-12-31,6,paid
INV-0338,CUST-056,34665.16,EUR,2025-10-29,2025-11-28,2025-12-17,19,paid
INV-0339,CUST-057,34325.43,EUR,2025-09-30,2025-10-30,2025-12-09,40,paid
INV-0340,CUST-057,14982.91,EUR,2026-04-06,2026-05-06,2026-05-18,12,paid
INV-0341,CUST-057,13027.91,EUR,2026-02-26,2026-03-28,2026-04-17,20,paid
INV-0342,CUST-057,30463.68,EUR,2025-12-09,2026-01-08,2026-01-25,17,paid
INV-0343,CUST-058,12894.75,EUR,2026-05-03,2026-06-02,2026-06-02,0,paid
INV-0344,CUST-058,25535.46,EUR,2025-09-07,2025-10-07,2025-10-13,6,paid
INV-0345,CUST-058,24779.77,EUR,2026-04-08,2026-05-08,2026-06-12,35,paid
INV-0346,CUST-058,12780.5,EUR,2026-02-09,2026-03-11,2026-04-25,45,paid
INV-0347,CUST-058,26174.47,EUR,2026-02-27,2026-03-29,2026-04-08,10,paid
INV-0348,CUST-059,27906.22,EUR,2026-02-13,2026-03-15,2026-04-05,21,paid
INV-0349,CUST-059,20409.23,EUR,2025-10-19,2025-11-18,2025-11-26,8,paid
INV-0350,CUST-059,21606.51,EUR,2026-07-08,2026-08-07,2026-08-07,0,paid
INV-0351,CUST-059,3177.95,EUR,2026-01-07,2026-02-06,2026-03-05,27,paid
INV-0352,CUST-060,31946.75,EUR,2026-04-22,2026-05-22,2026-06-28,37,paid
INV-0353,CUST-060,37758.91,EUR,2025-09-03,2025-10-03,2025-11-16,44,paid
INV-0354,CUST-060,28041.14,EUR,2025-12-06,2026-01-05,2026-01-24,19,paid
INV-0355,CUST-060,36930.94,EUR,2026-02-02,2026-03-04,2026-04-18,45,paid
INV-0356,CUST-060,36571.05,EUR,2025-08-13,2025-09-12,2025-09-17,5,paid
INV-0357,CUST-060,25896.29,EUR,2025-11-26,2025-12-26,2025-12-31,5,paid
INV-0358,CUST-060,21497.8,EUR,2025-07-30,2025-08-29,2025-09-27,29,paid
INV-0359,CUST-061,29283.3,EUR,2025-08-06,2025-09-05,2025-10-04,29,paid
INV-0360,CUST-061,11040.88,EUR,2025-11-24,2025-12-24,2026-01-07,14,paid
INV-0361,CUST-061,38860.46,EUR,2026-05-10,2026-06-09,2026-07-18,39,paid
INV-0362,CUST-061,41148.48,EUR,2026-03-12,2026-04-11,2026-05-06,25,paid
INV-0363,CUST-061,31722.97,EUR,2026-04-20,2026-05-20,2026-07-01,42,paid
INV-0364,CUST-061,35664.02,EUR,2026-02-03,2026-03-05,2026-03-25,20,paid
INV-0365,CUST-062,3689.14,EUR,2025-10-21,2025-11-20,2025-11-20,0,paid
INV-0366,CUST-062,21956.42,EUR,2026-01-25,2026-02-24,2026-03-07,11,paid
INV-0367,CUST-062,34743.01,EUR,2026-01-10,2026-02-09,2026-02-18,9,paid
INV-0368,CUST-062,6430.81,EUR,2025-09-21,2025-10-21,2025-11-08,18,paid
INV-0369,CUST-062,32370.87,EUR,2026-03-17,2026-04-16,,117,overdue
INV-0370,CUST-062,5528.57,EUR,2026-04-13,2026-05-13,,90,overdue
INV-0371,CUST-062,25381.82,EUR,2026-05-02,2026-06-01,,71,overdue
INV-0372,CUST-063,24347.35,EUR,2026-02-18,2026-03-20,2026-04-14,25,paid
INV-0373,CUST-063,19074.13,EUR,2025-09-23,2025-10-23,2025-12-01,39,paid
INV-0374,CUST-063,25019.35,EUR,2026-03-20,2026-04-19,2026-05-19,30,paid
INV-0375,CUST-063,3719.85,EUR,2026-01-07,2026-02-06,2026-02-19,13,paid
INV-0376,CUST-064,35466.68,EUR,2025-12-14,2026-01-13,2026-02-09,27,paid
INV-0377,CUST-064,35599.84,EUR,2025-10-05,2025-11-04,2025-12-08,34,paid
INV-0378,CUST-064,11238.02,EUR,2025-08-01,2025-08-31,2025-10-12,42,paid
INV-0379,CUST-064,4242.93,EUR,2025-08-14,2025-09-13,2025-10-28,45,paid
INV-0380,CUST-064,37784.27,EUR,2025-10-02,2025-11-01,2025-11-08,7,paid
INV-0381,CUST-064,27146.54,EUR,2025-09-22,2025-10-22,2025-11-11,20,paid
INV-0382,CUST-064,5116.3,EUR,2025-10-11,2025-11-10,2025-12-08,28,paid
INV-0383,CUST-064,14415.18,EUR,2026-04-23,2026-05-23,2026-06-17,25,paid
INV-0384,CUST-065,5606.51,EUR,2025-09-19,2025-10-19,2025-11-26,38,paid
INV-0385,CUST-065,15271.44,EUR,2026-01-09,2026-02-08,2026-03-21,41,paid
INV-0386,CUST-065,3517.51,EUR,2025-08-18,2025-09-17,2025-09-30,13,paid
INV-0387,CUST-065,40016.96,EUR,2026-05-12,2026-06-11,2026-07-21,40,paid
INV-0388,CUST-066,30010.96,EUR,2026-05-08,2026-06-07,2026-07-05,28,paid
INV-0389,CUST-066,13684.44,EUR,2025-10-23,2025-11-22,2025-12-31,39,paid
INV-0390,CUST-066,20564.46,EUR,2025-09-30,2025-10-30,2025-11-12,13,paid
INV-0391,CUST-066,39582.2,EUR,2025-08-08,2025-09-07,2025-09-26,19,paid
INV-0392,CUST-067,41397.77,EUR,2025-08-03,2025-09-02,2025-09-11,9,paid
INV-0393,CUST-067,44570.79,EUR,2025-11-03,2025-12-03,2025-12-14,11,paid
INV-0394,CUST-067,27827.89,EUR,2025-09-26,2025-10-26,2025-10-26,0,paid
INV-0395,CUST-067,38265.54,EUR,2025-10-15,2025-11-14,2025-11-26,12,paid
INV-0396,CUST-067,17119.65,EUR,2025-12-09,2026-01-08,2026-01-09,1,paid
INV-0397,CUST-067,31888.25,EUR,2026-04-03,2026-05-03,,100,overdue
INV-0398,CUST-067,37077.3,EUR,2026-05-05,2026-06-04,,68,overdue
INV-0399,CUST-067,16678.61,EUR,2026-05-08,2026-06-07,,65,overdue
INV-0400,CUST-068,11197.66,EUR,2026-07-07,2026-08-06,2026-08-09,3,paid
INV-0401,CUST-068,14861.23,EUR,2025-09-05,2025-10-05,2025-10-29,24,paid
INV-0402,CUST-068,17665.17,EUR,2025-12-27,2026-01-26,2026-03-01,34,paid
INV-0403,CUST-068,30081.95,EUR,2026-04-05,2026-05-05,2026-06-04,30,paid
INV-0404,CUST-068,9119.63,EUR,2026-05-12,2026-06-11,2026-07-05,24,paid
INV-0405,CUST-068,37926.35,EUR,2026-01-19,2026-02-18,2026-02-27,9,paid
INV-0406,CUST-069,6349.27,EUR,2025-08-13,2025-09-12,2025-09-12,0,paid
INV-0407,CUST-069,29458.8,EUR,2026-06-16,2026-07-16,2026-07-31,15,paid
INV-0408,CUST-069,20103.69,EUR,2025-08-20,2025-09-19,2025-09-27,8,paid
INV-0409,CUST-069,6865.14,EUR,2026-06-09,2026-07-09,2026-08-05,27,paid
INV-0410,CUST-069,40296.35,EUR,2025-12-01,2025-12-31,2026-02-13,44,paid
INV-0411,CUST-069,41919.75,EUR,2025-09-16,2025-10-16,2025-11-24,39,paid
INV-0412,CUST-070,23316.14,EUR,2025-12-02,2026-01-01,2026-02-05,35,paid
INV-0413,CUST-070,17804.39,EUR,2025-12-04,2026-01-03,2026-01-17,14,paid
INV-0414,CUST-070,19574.92,EUR,2026-04-18,2026-05-18,2026-05-18,0,paid
INV-0415,CUST-070,22818.54,EUR,2025-09-30,2025-10-30,2025-11-14,15,paid
INV-0416,CUST-070,12700.87,EUR,2025-11-08,2025-12-08,2026-01-11,34,paid
INV-0417,CUST-071,2279.01,EUR,2026-01-16,2026-02-15,2026-02-17,2,paid
INV-0418,CUST-071,22160.45,EUR,2025-10-05,2025-11-04,2025-11-27,23,paid
INV-0419,CUST-071,26447.88,EUR,2026-05-26,2026-06-25,2026-06-27,2,paid
INV-0420,CUST-071,33074.2,EUR,2026-05-11,2026-06-10,2026-07-13,33,paid
INV-0421,CUST-071,21350.19,EUR,2026-03-01,2026-03-31,2026-04-05,5,paid
INV-0422,CUST-071,40134.26,EUR,2025-10-28,2025-11-27,2025-12-02,5,paid
INV-0423,CUST-071,21682.36,EUR,2026-03-19,2026-04-18,2026-05-30,42,paid
INV-0424,CUST-071,4251.22,EUR,2025-08-14,2025-09-13,2025-10-23,40,paid
INV-0425,CUST-072,14612.49,EUR,2025-09-29,2025-10-29,2025-11-01,3,paid
INV-0426,CUST-072,24448.47,EUR,2026-01-28,2026-02-27,2026-02-27,0,paid
INV-0427,CUST-072,20868.34,EUR,2025-11-24,2025-12-24,2026-01-23,30,paid
INV-0428,CUST-072,33234.6,EUR,2025-10-02,2025-11-01,2025-11-27,26,paid
INV-0429,CUST-072,43257.69,EUR,2026-01-23,2026-02-22,2026-03-12,18,paid
INV-0430,CUST-072,8203.86,EUR,2026-02-24,2026-03-26,2026-05-09,44,paid
INV-0431,CUST-072,33924.6,EUR,2025-09-20,2025-10-20,2025-11-25,36,paid
INV-0432,CUST-072,3514.67,EUR,2026-03-11,2026-04-10,2026-05-10,30,paid
INV-0433,CUST-073,26120.41,EUR,2026-04-27,2026-05-27,2026-07-08,42,paid
INV-0434,CUST-073,36553.19,EUR,2026-02-23,2026-03-25,2026-05-03,39,paid
INV-0435,CUST-073,13477.25,EUR,2026-07-09,2026-08-08,,3,overdue
INV-0436,CUST-073,4197.31,EUR,2025-11-06,2025-12-06,2025-12-23,17,paid
INV-0437,CUST-073,6658.21,EUR,2026-03-15,2026-04-14,2026-05-01,17,paid
INV-0438,CUST-073,38717.34,EUR,2026-03-04,2026-04-03,2026-04-03,0,paid
INV-0439,CUST-073,27488.91,EUR,2026-05-26,2026-06-25,2026-07-18,23,paid
INV-0440,CUST-073,29934.68,EUR,2026-05-06,2026-06-05,2026-06-28,23,paid
INV-0441,CUST-074,35387.72,EUR,2026-03-11,2026-04-10,2026-04-25,15,paid
INV-0442,CUST-074,8791.77,EUR,2025-11-16,2025-12-16,2026-01-18,33,paid
INV-0443,CUST-074,15953.88,EUR,2026-07-06,2026-08-05,,6,overdue
INV-0444,CUST-074,27123.05,EUR,2026-05-09,2026-06-08,2026-06-17,9,paid
INV-0445,CUST-074,34072.05,EUR,2025-11-11,2025-12-11,2026-01-06,26,paid
INV-0446,CUST-075,30001.49,EUR,2026-03-23,2026-04-22,2026-06-01,40,paid
INV-0447,CUST-075,10119.87,EUR,2026-04-28,2026-05-28,2026-06-19,22,paid
INV-0448,CUST-075,29187.94,EUR,2026-06-25,2026-07-25,2026-07-28,3,paid
INV-0449,CUST-075,8207.94,EUR,2026-06-26,2026-07-26,2026-08-04,9,paid
INV-0450,CUST-075,33779.85,EUR,2025-11-21,2025-12-21,2026-01-24,34,paid
INV-0451,CUST-075,17587.2,EUR,2026-03-25,2026-04-24,2026-06-08,45,paid
INV-0452,CUST-075,21776.86,EUR,2026-01-04,2026-02-03,2026-02-12,9,paid
INV-0453,CUST-076,1324.35,EUR,2025-12-12,2026-01-11,2026-02-08,28,paid
INV-0454,CUST-076,30789.41,EUR,2026-01-08,2026-02-07,2026-03-12,33,paid
INV-0455,CUST-076,43049.49,EUR,2025-08-07,2025-09-06,2025-09-12,6,paid
INV-0456,CUST-076,28974.15,EUR,2025-10-23,2025-11-22,2025-12-19,27,paid
INV-0457,CUST-076,41377.46,EUR,2025-09-13,2025-10-13,2025-10-30,17,paid
INV-0458,CUST-076,12748.41,EUR,2026-02-01,2026-03-03,2026-03-09,6,paid
INV-0459,CUST-076,29721.97,EUR,2026-03-14,2026-04-13,2026-05-08,25,paid
INV-0460,CUST-076,34973.27,EUR,2025-11-28,2025-12-28,2026-01-12,15,paid
INV-0461,CUST-077,23781.89,EUR,2026-04-14,2026-05-14,2026-06-26,43,paid
INV-0462,CUST-077,44700.1,EUR,2025-08-03,2025-09-02,2025-09-22,20,paid
INV-0463,CUST-077,1267.55,EUR,2025-10-15,2025-11-14,2025-11-14,0,paid
INV-0464,CUST-077,1328.69,EUR,2026-06-18,2026-07-18,,24,overdue
INV-0465,CUST-077,31099.08,EUR,2026-05-30,2026-06-29,2026-07-22,23,paid
INV-0466,CUST-077,11933.81,EUR,2026-02-27,2026-03-29,2026-03-31,2,paid
INV-0467,CUST-077,28177.36,EUR,2026-07-10,2026-08-09,,2,overdue
INV-0468,CUST-077,29821.96,EUR,2025-09-21,2025-10-21,2025-11-03,13,paid
INV-0469,CUST-078,6183.12,EUR,2025-08-30,2025-09-29,2025-10-06,7,paid
INV-0470,CUST-078,38654.68,EUR,2026-06-08,2026-07-08,2026-07-29,21,paid
INV-0471,CUST-078,25820.24,EUR,2025-08-25,2025-09-24,2025-10-05,11,paid
INV-0472,CUST-078,31547.89,EUR,2026-05-27,2026-06-26,2026-07-10,14,paid
INV-0473,CUST-078,42179.25,EUR,2025-08-18,2025-09-17,2025-10-27,40,paid
INV-0474,CUST-078,41583.14,EUR,2025-12-02,2026-01-01,2026-01-18,17,paid
INV-0475,CUST-078,31396.19,EUR,2025-12-16,2026-01-15,2026-02-26,42,paid
INV-0476,CUST-078,12174.28,EUR,2026-02-07,2026-03-09,2026-03-13,4,paid
INV-0477,CUST-079,17719.72,EUR,2026-06-21,2026-07-21,2026-07-22,1,paid
INV-0478,CUST-079,43037.77,EUR,2026-03-12,2026-04-11,2026-04-27,16,paid
INV-0479,CUST-079,20273.41,EUR,2026-04-22,2026-05-22,2026-06-22,31,paid
INV-0480,CUST-079,27775.34,EUR,2026-04-11,2026-05-11,2026-05-22,11,paid
INV-0481,CUST-079,22548.93,EUR,2025-08-26,2025-09-25,2025-10-04,9,paid
INV-0482,CUST-079,34776.86,EUR,2025-10-19,2025-11-18,2025-12-01,13,paid
INV-0483,CUST-080,5496.24,EUR,2025-08-27,2025-09-26,2025-10-24,28,paid
INV-0484,CUST-080,5365.29,EUR,2026-03-12,2026-04-11,2026-04-15,4,paid
INV-0485,CUST-080,26053.43,EUR,2026-06-16,2026-07-16,2026-07-30,14,paid
INV-0486,CUST-080,40425.85,EUR,2026-07-13,2026-08-12,,0,open
INV-0487,CUST-080,29656.65,EUR,2026-05-07,2026-06-06,2026-06-06,0,paid
INV-0488,CUST-080,30175.58,EUR,2026-07-03,2026-08-02,2026-08-07,5,paid
INV-0489,CUST-080,26199.1,EUR,2026-01-03,2026-02-02,2026-03-06,32,paid
INV-0490,CUST-080,21933.76,EUR,2025-11-13,2025-12-13,2026-01-07,25,paid
INV-0491,CUST-081,10782.43,EUR,2025-10-19,2025-11-18,2025-12-12,24,paid
INV-0492,CUST-081,36954.57,EUR,2025-08-04,2025-09-03,2025-10-03,30,paid
INV-0493,CUST-081,25872.18,EUR,2026-05-21,2026-06-20,2026-07-01,11,paid
INV-0494,CUST-081,30937.14,EUR,2026-02-02,2026-03-04,2026-03-29,25,paid
INV-0495,CUST-082,44868.1,EUR,2025-09-02,2025-10-02,2025-11-12,41,paid
INV-0496,CUST-082,16948.71,EUR,2026-06-06,2026-07-06,2026-07-16,10,paid
INV-0497,CUST-082,37980.23,EUR,2026-06-11,2026-07-11,2026-07-20,9,paid
INV-0498,CUST-082,9777.92,EUR,2025-08-25,2025-09-24,2025-10-29,35,paid
INV-0499,CUST-083,30004.45,EUR,2026-01-07,2026-02-06,2026-02-25,19,paid
INV-0500,CUST-083,18042.63,EUR,2025-07-31,2025-08-30,2025-09-05,6,paid
INV-0501,CUST-083,31246.84,EUR,2025-09-03,2025-10-03,2025-11-03,31,paid
INV-0502,CUST-083,39926.47,EUR,2026-06-09,2026-07-09,2026-07-15,6,paid
INV-0503,CUST-084,9334.7,EUR,2026-07-04,2026-08-03,2026-08-06,3,paid
INV-0504,CUST-084,17983.52,EUR,2025-11-14,2025-12-14,2026-01-17,34,paid
INV-0505,CUST-084,14401.7,EUR,2025-08-27,2025-09-26,2025-10-30,34,paid
INV-0506,CUST-084,43522.58,EUR,2025-12-04,2026-01-03,2026-01-04,1,paid
INV-0507,CUST-084,15796.4,EUR,2026-07-04,2026-08-03,2026-08-03,0,paid
INV-0508,CUST-085,10156.18,EUR,2026-05-23,2026-06-22,2026-07-08,16,paid
INV-0509,CUST-085,42351.97,EUR,2025-11-30,2025-12-30,2026-02-02,34,paid
INV-0510,CUST-085,33554.48,EUR,2026-05-07,2026-06-06,2026-06-20,14,paid
INV-0511,CUST-085,2429.99,EUR,2026-06-16,2026-07-16,2026-08-05,20,paid
INV-0512,CUST-085,21627.91,EUR,2026-07-13,2026-08-12,,0,open
INV-0513,CUST-085,2824.43,EUR,2025-09-09,2025-10-09,2025-11-22,44,paid
INV-0514,CUST-085,6569.77,EUR,2025-08-24,2025-09-23,2025-10-04,11,paid
INV-0515,CUST-086,37076.67,EUR,2026-02-15,2026-03-17,2026-03-23,6,paid
INV-0516,CUST-086,27816.18,EUR,2025-12-01,2025-12-31,2026-02-06,37,paid
INV-0517,CUST-086,36946.77,EUR,2026-06-20,2026-07-20,,22,overdue
INV-0518,CUST-086,27098.0,EUR,2025-11-10,2025-12-10,2026-01-18,39,paid
INV-0519,CUST-087,36356.85,EUR,2026-06-20,2026-07-20,2026-08-10,21,paid
INV-0520,CUST-087,15131.18,EUR,2025-12-29,2026-01-28,2026-03-12,43,paid
INV-0521,CUST-087,24928.11,EUR,2025-10-01,2025-10-31,2025-11-20,20,paid
INV-0522,CUST-087,34578.87,EUR,2026-04-04,2026-05-04,2026-06-10,37,paid
INV-0523,CUST-087,15629.26,EUR,2026-04-25,2026-05-25,2026-06-01,7,paid
INV-0524,CUST-088,34283.71,EUR,2026-05-11,2026-06-10,2026-06-20,10,paid
INV-0525,CUST-088,17150.79,EUR,2025-07-31,2025-08-30,2025-09-09,10,paid
INV-0526,CUST-088,11569.09,EUR,2025-12-10,2026-01-09,2026-02-15,37,paid
INV-0527,CUST-088,6694.99,EUR,2026-07-02,2026-08-01,2026-08-11,10,paid
INV-0528,CUST-088,17424.99,EUR,2025-09-12,2025-10-12,2025-10-22,10,paid
INV-0529,CUST-088,39679.51,EUR,2026-07-14,2026-08-13,,0,open
INV-0530,CUST-089,1119.3,EUR,2026-07-19,2026-08-18,,0,open
INV-0531,CUST-089,32037.96,EUR,2026-06-07,2026-07-07,2026-07-16,9,paid
INV-0532,CUST-089,31452.86,EUR,2025-12-21,2026-01-20,2026-02-19,30,paid
INV-0533,CUST-089,6408.64,EUR,2025-08-02,2025-09-01,2025-09-10,9,paid
INV-0534,CUST-090,20708.53,EUR,2025-10-28,2025-11-27,2025-12-12,15,paid
INV-0535,CUST-090,27785.78,EUR,2026-04-24,2026-05-24,2026-05-26,2,paid
INV-0536,CUST-090,8756.02,EUR,2025-09-20,2025-10-20,2025-11-20,31,paid
INV-0537,CUST-090,42803.17,EUR,2025-09-12,2025-10-12,2025-11-21,40,paid
INV-0538,CUST-090,16175.13,EUR,2026-02-18,2026-03-20,2026-03-20,0,paid
INV-0539,CUST-090,11215.24,EUR,2025-10-10,2025-11-09,2025-11-16,7,paid
INV-0540,CUST-091,16796.04,EUR,2026-01-29,2026-02-28,2026-03-19,19,paid
INV-0541,CUST-091,23233.3,EUR,2025-08-12,2025-09-11,2025-09-28,17,paid
INV-0542,CUST-091,29942.26,EUR,2025-10-27,2025-11-26,2025-12-16,20,paid
INV-0543,CUST-091,9362.38,EUR,2025-12-14,2026-01-13,2026-01-14,1,paid
INV-0544,CUST-091,31087.77,EUR,2025-08-03,2025-09-02,2025-09-06,4,paid
INV-0545,CUST-091,7861.37,EUR,2026-04-07,2026-05-07,,96,overdue
INV-0546,CUST-091,41582.15,EUR,2026-04-08,2026-05-08,,95,overdue
INV-0547,CUST-091,3188.02,EUR,2026-04-27,2026-05-27,,76,overdue
INV-0548,CUST-092,10063.87,EUR,2026-02-27,2026-03-29,2026-04-14,16,paid
INV-0549,CUST-092,28063.42,EUR,2026-02-01,2026-03-03,2026-04-01,29,paid
INV-0550,CUST-092,5415.41,EUR,2026-06-30,2026-07-30,,12,overdue
INV-0551,CUST-092,8574.23,EUR,2025-10-20,2025-11-19,2025-11-20,1,paid
INV-0552,CUST-092,23558.74,EUR,2025-11-16,2025-12-16,2025-12-20,4,paid
INV-0553,CUST-092,32686.02,EUR,2026-03-24,2026-04-23,2026-05-30,37,paid
INV-0554,CUST-093,19322.73,EUR,2026-02-06,2026-03-08,2026-04-20,43,paid
INV-0555,CUST-093,10968.8,EUR,2026-02-06,2026-03-08,2026-03-15,7,paid
INV-0556,CUST-093,10867.97,EUR,2026-02-06,2026-03-08,2026-03-23,15,paid
INV-0557,CUST-093,39248.97,EUR,2025-12-23,2026-01-22,2026-02-15,24,paid
INV-0558,CUST-093,4050.01,EUR,2026-04-01,2026-05-01,2026-06-07,37,paid
INV-0559,CUST-093,3201.8,EUR,2025-11-16,2025-12-16,2026-01-12,27,paid
INV-0560,CUST-093,10354.5,EUR,2026-05-09,2026-06-08,2026-07-17,39,paid
INV-0561,CUST-093,8670.29,EUR,2025-12-02,2026-01-01,2026-01-24,23,paid
INV-0562,CUST-094,32616.1,EUR,2025-11-30,2025-12-30,2026-02-08,40,paid
INV-0563,CUST-094,43919.57,EUR,2026-01-20,2026-02-19,2026-03-03,12,paid
INV-0564,CUST-094,6422.76,EUR,2026-02-01,2026-03-03,2026-04-16,44,paid
INV-0565,CUST-094,3436.61,EUR,2025-10-04,2025-11-03,2025-11-11,8,paid
INV-0566,CUST-094,38442.99,EUR,2026-05-27,2026-06-26,2026-07-01,5,paid
INV-0567,CUST-095,39979.28,EUR,2026-04-01,2026-05-01,2026-06-08,38,paid
INV-0568,CUST-095,35697.98,EUR,2026-05-03,2026-06-02,2026-07-12,40,paid
INV-0569,CUST-095,40826.55,EUR,2025-09-12,2025-10-12,2025-11-17,36,paid
INV-0570,CUST-095,38591.18,EUR,2025-10-12,2025-11-11,2025-11-16,5,paid
INV-0571,CUST-095,38678.24,EUR,2025-12-24,2026-01-23,2026-02-23,31,paid
INV-0572,CUST-095,26947.87,EUR,2026-04-03,2026-05-03,2026-06-01,29,paid
INV-0573,CUST-096,33066.78,EUR,2026-07-15,2026-08-14,,0,open
INV-0574,CUST-096,11754.15,EUR,2026-03-18,2026-04-17,2026-05-14,27,paid
INV-0575,CUST-096,10630.37,EUR,2025-09-29,2025-10-29,2025-12-05,37,paid
INV-0576,CUST-096,41187.96,EUR,2026-05-07,2026-06-06,2026-06-06,0,paid
INV-0577,CUST-096,44124.13,EUR,2025-12-21,2026-01-20,2026-01-22,2,paid
INV-0578,CUST-096,33219.65,EUR,2025-11-24,2025-12-24,2026-01-25,32,paid
INV-0579,CUST-097,24275.58,EUR,2025-12-17,2026-01-16,2026-02-15,30,paid
INV-0580,CUST-097,37101.08,EUR,2025-07-31,2025-08-30,2025-09-27,28,paid
INV-0581,CUST-097,11430.61,EUR,2025-11-11,2025-12-11,2026-01-15,35,paid
INV-0582,CUST-097,31437.66,EUR,2026-07-16,2026-08-15,,0,open
INV-0583,CUST-098,6665.87,EUR,2026-04-02,2026-05-02,2026-05-20,18,paid
INV-0584,CUST-098,29425.7,EUR,2026-03-22,2026-04-21,2026-04-26,5,paid
INV-0585,CUST-098,22006.41,EUR,2026-07-14,2026-08-13,,0,open
INV-0586,CUST-098,7951.69,EUR,2026-02-16,2026-03-18,2026-04-16,29,paid
INV-0587,CUST-098,33830.07,EUR,2025-10-03,2025-11-02,2025-11-03,1,paid
INV-0588,CUST-098,21298.22,EUR,2025-12-02,2026-01-01,2026-01-09,8,paid
INV-0589,CUST-098,18716.93,EUR,2025-07-27,2025-08-26,2025-09-18,23,paid
INV-0590,CUST-099,28796.38,EUR,2025-07-27,2025-08-26,2025-10-05,40,paid
INV-0591,CUST-099,17811.66,EUR,2026-06-16,2026-07-16,2026-08-01,16,paid
INV-0592,CUST-099,13909.28,EUR,2026-07-06,2026-08-05,2026-08-10,5,paid
INV-0593,CUST-099,24775.63,EUR,2025-09-12,2025-10-12,2025-10-25,13,paid
INV-0594,CUST-099,4378.39,EUR,2025-08-06,2025-09-05,2025-09-26,21,paid
INV-0595,CUST-099,23551.35,EUR,2026-06-24,2026-07-24,2026-08-04,11,paid
INV-0596,CUST-099,5704.72,EUR,2026-06-26,2026-07-26,2026-07-27,1,paid
INV-0597,CUST-100,8546.82,EUR,2026-01-16,2026-02-15,2026-03-22,35,paid
INV-0598,CUST-100,3761.66,EUR,2025-07-27,2025-08-26,2025-10-10,45,paid
INV-0599,CUST-100,6917.54,EUR,2026-04-09,2026-05-09,2026-05-30,21,paid
INV-0600,CUST-100,24651.82,EUR,2026-03-22,2026-04-21,2026-06-01,41,paid
INV-0601,CUST-100,33392.2,EUR,2025-11-20,2025-12-20,2026-01-26,37,paid
INV-0602,CUST-100,10072.89,EUR,2025-07-28,2025-08-27,2025-09-10,14,paid
INV-0603,CUST-101,40488.64,EUR,2026-01-23,2026-02-22,2026-03-26,32,paid
INV-0604,CUST-101,19493.47,EUR,2025-08-08,2025-09-07,2025-09-10,3,paid
INV-0605,CUST-101,17278.37,EUR,2026-06-20,2026-07-20,2026-08-05,16,paid
INV-0606,CUST-101,37466.54,EUR,2025-10-26,2025-11-25,2025-12-25,30,paid
INV-0607,CUST-101,30781.23,EUR,2025-10-23,2025-11-22,2025-12-26,34,paid
INV-0608,CUST-101,20777.44,EUR,2026-02-23,2026-03-25,2026-04-17,23,paid
INV-0609,CUST-102,40222.12,EUR,2026-04-17,2026-05-17,2026-06-15,29,paid
INV-0610,CUST-102,4343.53,EUR,2026-06-08,2026-07-08,2026-07-17,9,paid
INV-0611,CUST-102,5633.93,EUR,2026-06-13,2026-07-13,2026-08-04,22,paid
INV-0612,CUST-102,22737.73,EUR,2026-05-08,2026-06-07,2026-06-20,13,paid
INV-0613,CUST-103,1802.91,EUR,2025-09-04,2025-10-04,2025-10-30,26,paid
INV-0614,CUST-103,24731.43,EUR,2025-08-07,2025-09-06,2025-09-14,8,paid
INV-0615,CUST-103,16124.15,EUR,2025-11-22,2025-12-22,2026-01-19,28,paid
INV-0616,CUST-103,1749.52,EUR,2025-08-26,2025-09-25,2025-10-07,12,paid
INV-0617,CUST-103,1774.02,EUR,2026-06-20,2026-07-20,2026-08-05,16,paid
INV-0618,CUST-103,15645.78,EUR,2025-08-26,2025-09-25,2025-11-01,37,paid
INV-0619,CUST-103,29784.61,EUR,2026-01-28,2026-02-27,2026-03-19,20,paid
INV-0620,CUST-103,27026.39,EUR,2025-11-16,2025-12-16,2026-01-29,44,paid
INV-0621,CUST-104,20480.33,EUR,2025-10-15,2025-11-14,2025-12-03,19,paid
INV-0622,CUST-104,6632.38,EUR,2025-10-05,2025-11-04,2025-11-23,19,paid
INV-0623,CUST-104,35685.63,EUR,2026-04-26,2026-05-26,2026-06-09,14,paid
INV-0624,CUST-104,17238.08,EUR,2025-11-17,2025-12-17,2026-01-04,18,paid
INV-0625,CUST-104,7356.55,EUR,2026-06-28,2026-07-28,2026-07-30,2,paid
INV-0626,CUST-104,41646.62,EUR,2025-09-09,2025-10-09,2025-11-23,45,paid
INV-0627,CUST-104,13407.9,EUR,2025-10-21,2025-11-20,2025-12-01,11,paid
INV-0628,CUST-104,40788.23,EUR,2025-08-02,2025-09-01,2025-09-10,9,paid
INV-0629,CUST-105,5967.75,EUR,2026-03-23,2026-04-22,2026-05-12,20,paid
INV-0630,CUST-105,6390.13,EUR,2025-10-01,2025-10-31,2025-11-16,16,paid
INV-0631,CUST-105,8954.75,EUR,2026-01-14,2026-02-13,2026-03-20,35,paid
INV-0632,CUST-105,30217.46,EUR,2026-07-05,2026-08-04,2026-08-06,2,paid
INV-0633,CUST-105,20620.57,EUR,2026-01-13,2026-02-12,2026-02-22,10,paid
INV-0634,CUST-106,6169.86,EUR,2026-02-18,2026-03-20,2026-03-21,1,paid
INV-0635,CUST-106,41953.25,EUR,2025-12-27,2026-01-26,2026-02-04,9,paid
INV-0636,CUST-106,41809.26,EUR,2025-11-30,2025-12-30,2026-01-08,9,paid
INV-0637,CUST-106,43680.64,EUR,2026-07-20,2026-08-19,,0,open
INV-0638,CUST-106,43921.57,EUR,2025-10-16,2025-11-15,2025-12-06,21,paid
INV-0639,CUST-106,31980.95,EUR,2025-08-25,2025-09-24,2025-10-24,30,paid
INV-0640,CUST-106,43656.57,EUR,2026-02-24,2026-03-26,2026-05-01,36,paid
INV-0641,CUST-106,7301.09,EUR,2025-08-15,2025-09-14,2025-10-20,36,paid
INV-0642,CUST-107,31260.3,EUR,2026-01-30,2026-03-01,2026-03-31,30,paid
INV-0643,CUST-107,6962.51,EUR,2026-07-02,2026-08-01,2026-08-05,4,paid
INV-0644,CUST-107,18552.04,EUR,2026-07-10,2026-08-09,2026-08-10,1,paid
INV-0645,CUST-107,4887.67,EUR,2026-01-21,2026-02-20,2026-02-23,3,paid
INV-0646,CUST-107,29146.02,EUR,2025-09-14,2025-10-14,2025-11-20,37,paid
INV-0647,CUST-107,10618.76,EUR,2025-10-26,2025-11-25,2025-12-12,17,paid
INV-0648,CUST-107,1796.65,EUR,2026-04-13,2026-05-13,2026-06-16,34,paid
INV-0649,CUST-108,30482.85,EUR,2025-08-10,2025-09-09,2025-09-14,5,paid
INV-0650,CUST-108,18233.52,EUR,2025-11-02,2025-12-02,2026-01-02,31,paid
INV-0651,CUST-108,27460.2,EUR,2026-02-10,2026-03-12,2026-04-13,32,paid
INV-0652,CUST-108,40953.36,EUR,2026-06-24,2026-07-24,2026-07-28,4,paid
INV-0653,CUST-108,17137.64,EUR,2025-12-16,2026-01-15,2026-02-07,23,paid
INV-0654,CUST-108,13381.55,EUR,2026-07-16,2026-08-15,,0,open
INV-0655,CUST-108,14417.37,EUR,2026-01-24,2026-02-23,2026-03-23,28,paid
INV-0656,CUST-109,10333.73,EUR,2026-06-08,2026-07-08,2026-07-31,23,paid
INV-0657,CUST-109,36322.9,EUR,2025-12-22,2026-01-21,2026-02-08,18,paid
INV-0658,CUST-109,36410.74,EUR,2026-04-30,2026-05-30,2026-06-26,27,paid
INV-0659,CUST-109,6968.89,EUR,2025-12-22,2026-01-21,2026-02-27,37,paid
INV-0660,CUST-109,4604.65,EUR,2025-09-19,2025-10-19,2025-11-01,13,paid
INV-0661,CUST-109,21777.9,EUR,2026-02-17,2026-03-19,2026-04-21,33,paid
INV-0662,CUST-109,3722.32,EUR,2026-02-01,2026-03-03,2026-04-09,37,paid
INV-0663,CUST-109,4709.41,EUR,2026-01-11,2026-02-10,2026-03-08,26,paid
INV-0664,CUST-110,8530.27,EUR,2025-12-22,2026-01-21,2026-02-19,29,paid
INV-0665,CUST-110,34181.77,EUR,2025-10-05,2025-11-04,2025-11-12,8,paid
INV-0666,CUST-110,9021.48,EUR,2026-04-11,2026-05-11,2026-06-04,24,paid
INV-0667,CUST-110,25280.92,EUR,2026-02-24,2026-03-26,2026-03-28,2,paid
INV-0668,CUST-110,37688.67,EUR,2026-02-18,2026-03-20,2026-04-08,19,paid
INV-0669,CUST-110,25520.22,EUR,2025-11-12,2025-12-12,2026-01-10,29,paid
INV-0670,CUST-111,7607.86,EUR,2026-02-16,2026-03-18,2026-03-18,0,paid
INV-0671,CUST-111,37673.54,EUR,2025-12-08,2026-01-07,2026-01-27,20,paid
INV-0672,CUST-111,30233.38,EUR,2026-03-28,2026-04-27,,106,overdue
INV-0673,CUST-111,13515.86,EUR,2026-04-08,2026-05-08,,95,overdue
INV-0674,CUST-111,8728.26,EUR,2026-05-01,2026-05-31,,72,overdue
INV-0675,CUST-112,6075.48,EUR,2026-07-08,2026-08-07,2026-08-07,0,paid
INV-0676,CUST-112,33754.0,EUR,2025-09-19,2025-10-19,2025-11-25,37,paid
INV-0677,CUST-112,25798.4,EUR,2025-11-18,2025-12-18,2026-01-03,16,paid
INV-0678,CUST-112,31117.35,EUR,2025-09-04,2025-10-04,2025-11-17,44,paid
INV-0679,CUST-112,17295.54,EUR,2026-05-22,2026-06-21,2026-06-21,0,paid
INV-0680,CUST-113,26509.13,EUR,2026-04-30,2026-05-30,2026-06-08,9,paid
INV-0681,CUST-113,21178.14,EUR,2026-02-09,2026-03-11,2026-04-24,44,paid
INV-0682,CUST-113,16596.44,EUR,2026-05-14,2026-06-13,,59,overdue
INV-0683,CUST-113,19342.52,EUR,2026-01-19,2026-02-18,2026-03-12,22,paid
INV-0684,CUST-113,13611.64,EUR,2026-06-28,2026-07-28,2026-08-11,14,paid
INV-0685,CUST-113,23512.9,EUR,2026-06-13,2026-07-13,2026-07-18,5,paid
INV-0686,CUST-114,34066.18,EUR,2025-09-19,2025-10-19,2025-11-22,34,paid
INV-0687,CUST-114,39361.99,EUR,2026-02-07,2026-03-09,2026-04-21,43,paid
INV-0688,CUST-114,12798.49,EUR,2026-02-18,2026-03-20,2026-05-03,44,paid
INV-0689,CUST-114,16823.5,EUR,2025-08-04,2025-09-03,2025-10-07,34,paid
INV-0690,CUST-115,37190.51,EUR,2026-01-23,2026-02-22,2026-02-22,0,paid
INV-0691,CUST-115,23703.15,EUR,2026-05-13,2026-06-12,2026-06-27,15,paid
INV-0692,CUST-115,15841.84,EUR,2025-12-24,2026-01-23,2026-02-02,10,paid
INV-0693,CUST-115,10430.13,EUR,2026-05-31,2026-06-30,2026-07-26,26,paid
INV-0694,CUST-115,35943.72,EUR,2026-04-17,2026-05-17,2026-06-21,35,paid
INV-0695,CUST-115,31282.66,EUR,2025-09-11,2025-10-11,2025-11-13,33,paid
INV-0696,CUST-115,32294.58,EUR,2025-10-23,2025-11-22,2026-01-05,44,paid
INV-0697,CUST-115,19246.7,EUR,2026-05-25,2026-06-24,2026-06-27,3,paid
INV-0698,CUST-116,21994.71,EUR,2026-07-14,2026-08-13,,0,open
INV-0699,CUST-116,31344.44,EUR,2026-02-13,2026-03-15,2026-03-23,8,paid
INV-0700,CUST-116,40125.91,EUR,2025-12-08,2026-01-07,2026-02-14,38,paid
INV-0701,CUST-116,34550.66,EUR,2025-10-28,2025-11-27,2025-12-18,21,paid
INV-0702,CUST-116,32177.35,EUR,2026-04-25,2026-05-25,2026-05-26,1,paid
INV-0703,CUST-117,6489.18,EUR,2026-03-31,2026-04-30,2026-06-13,44,paid
INV-0704,CUST-117,31211.68,EUR,2026-05-11,2026-06-10,2026-06-29,19,paid
INV-0705,CUST-117,10074.97,EUR,2026-05-19,2026-06-18,2026-07-01,13,paid
INV-0706,CUST-117,34525.65,EUR,2025-08-03,2025-09-02,2025-09-09,7,paid
INV-0707,CUST-118,34274.16,EUR,2026-02-18,2026-03-20,2026-04-04,15,paid
INV-0708,CUST-118,2249.44,EUR,2026-04-26,2026-05-26,,77,overdue
INV-0709,CUST-118,29962.67,EUR,2026-05-02,2026-06-01,,71,overdue
INV-0710,CUST-118,27018.39,EUR,2026-05-06,2026-06-05,,67,overdue
INV-0711,CUST-119,40956.99,EUR,2026-05-23,2026-06-22,,50,overdue
INV-0712,CUST-119,30307.32,EUR,2026-02-18,2026-03-20,2026-03-26,6,paid
INV-0713,CUST-119,41468.33,EUR,2026-05-20,2026-06-19,2026-07-17,28,paid
INV-0714,CUST-119,8967.36,EUR,2026-04-11,2026-05-11,2026-06-02,22,paid
INV-0715,CUST-119,4812.45,EUR,2026-07-08,2026-08-07,2026-08-09,2,paid
INV-0716,CUST-119,16174.38,EUR,2025-09-29,2025-10-29,2025-11-08,10,paid
INV-0717,CUST-119,35311.45,EUR,2025-11-08,2025-12-08,2026-01-16,39,paid
INV-0718,CUST-120,26004.4,EUR,2025-11-06,2025-12-06,2025-12-12,6,paid
INV-0719,CUST-120,34535.39,EUR,2025-09-29,2025-10-29,2025-12-01,33,paid
INV-0720,CUST-120,32438.87,EUR,2026-04-02,2026-05-02,2026-05-20,18,paid
INV-0721,CUST-120,40653.38,EUR,2026-04-26,2026-05-26,2026-06-29,34,paid
INV-0722,CUST-120,43832.23,EUR,2026-07-20,2026-08-19,,0,open
INV-0723,CUST-121,41485.09,EUR,2026-04-04,2026-05-04,2026-06-18,45,paid
INV-0724,CUST-121,16997.67,EUR,2025-11-21,2025-12-21,2026-01-27,37,paid
INV-0725,CUST-121,20233.23,EUR,2026-04-19,2026-05-19,2026-05-25,6,paid
INV-0726,CUST-121,37695.6,EUR,2026-04-21,2026-05-21,2026-06-14,24,paid
INV-0727,CUST-122,23529.89,EUR,2026-04-04,2026-05-04,2026-05-30,26,paid
INV-0728,CUST-122,34454.3,EUR,2026-05-26,2026-06-25,2026-07-09,14,paid
INV-0729,CUST-122,23771.96,EUR,2026-05-27,2026-06-26,2026-07-07,11,paid
INV-0730,CUST-122,13541.59,EUR,2025-07-27,2025-08-26,2025-08-28,2,paid
INV-0731,CUST-122,15302.7,EUR,2026-06-10,2026-07-10,2026-07-19,9,paid
INV-0732,CUST-122,27337.22,EUR,2025-12-01,2025-12-31,2026-01-19,19,paid
INV-0733,CUST-122,43947.11,EUR,2025-08-05,2025-09-04,2025-10-02,28,paid
INV-0734,CUST-123,18801.87,EUR,2025-10-12,2025-11-11,2025-12-08,27,paid
INV-0735,CUST-123,38669.4,EUR,2026-04-17,2026-05-17,2026-06-16,30,paid
INV-0736,CUST-123,17040.91,EUR,2025-08-09,2025-09-08,2025-09-08,0,paid
INV-0737,CUST-123,22530.86,EUR,2025-08-11,2025-09-10,2025-09-16,6,paid
INV-0738,CUST-123,20162.18,EUR,2026-01-01,2026-01-31,2026-03-14,42,paid
INV-0739,CUST-124,7136.85,EUR,2026-05-22,2026-06-21,2026-07-09,18,paid
INV-0740,CUST-124,33571.3,EUR,2026-05-31,2026-06-30,2026-07-05,5,paid
INV-0741,CUST-124,16875.98,EUR,2026-06-19,2026-07-19,2026-07-25,6,paid
INV-0742,CUST-124,38106.1,EUR,2025-09-21,2025-10-21,2025-11-15,25,paid
INV-0743,CUST-125,37844.42,EUR,2026-03-25,2026-04-24,2026-05-25,31,paid
INV-0744,CUST-125,34604.91,EUR,2026-03-02,2026-04-01,2026-05-08,37,paid
INV-0745,CUST-125,12865.4,EUR,2025-09-22,2025-10-22,2025-12-02,41,paid
INV-0746,CUST-125,16539.5,EUR,2025-12-30,2026-01-29,2026-03-12,42,paid
INV-0747,CUST-126,44448.53,EUR,2025-12-27,2026-01-26,2026-02-27,32,paid
INV-0748,CUST-126,7313.94,EUR,2026-03-02,2026-04-01,2026-04-30,29,paid
INV-0749,CUST-126,6200.8,EUR,2026-05-28,2026-06-27,2026-07-04,7,paid
INV-0750,CUST-126,42454.21,EUR,2025-09-04,2025-10-04,2025-10-05,1,paid
INV-0751,CUST-126,33410.69,EUR,2026-06-02,2026-07-02,2026-07-17,15,paid
INV-0752,CUST-126,1982.3,EUR,2025-08-09,2025-09-08,2025-09-19,11,paid
INV-0753,CUST-126,27522.61,EUR,2026-01-08,2026-02-07,2026-02-27,20,paid
INV-0754,CUST-126,14181.67,EUR,2026-05-05,2026-06-04,2026-07-13,39,paid
INV-0755,CUST-127,30019.76,EUR,2026-06-13,2026-07-13,2026-07-28,15,paid
INV-0756,CUST-127,9725.38,EUR,2025-11-26,2025-12-26,2026-02-06,42,paid
INV-0757,CUST-127,22469.07,EUR,2025-11-10,2025-12-10,2025-12-26,16,paid
INV-0758,CUST-127,15987.81,EUR,2025-10-18,2025-11-17,2025-12-21,34,paid
INV-0759,CUST-128,42904.06,EUR,2026-07-13,2026-08-12,,0,open
INV-0760,CUST-128,44589.45,EUR,2026-07-06,2026-08-05,2026-08-05,0,paid
INV-0761,CUST-128,20695.11,EUR,2026-01-07,2026-02-06,2026-03-02,24,paid
INV-0762,CUST-128,21116.81,EUR,2025-12-08,2026-01-07,2026-01-09,2,paid
INV-0763,CUST-128,25404.66,EUR,2026-04-23,2026-05-23,2026-06-11,19,paid
INV-0764,CUST-128,22523.4,EUR,2026-04-29,2026-05-29,2026-06-06,8,paid
INV-0765,CUST-128,32434.96,EUR,2026-02-13,2026-03-15,2026-04-15,31,paid
INV-0766,CUST-128,25943.4,EUR,2026-05-27,2026-06-26,2026-07-13,17,paid
INV-0767,CUST-129,21565.97,EUR,2025-10-03,2025-11-02,2025-12-07,35,paid
INV-0768,CUST-129,23195.48,EUR,2026-05-03,2026-06-02,2026-06-27,25,paid
INV-0769,CUST-129,22665.35,EUR,2026-03-10,2026-04-09,2026-05-03,24,paid
INV-0770,CUST-129,30700.76,EUR,2025-09-10,2025-10-10,2025-10-28,18,paid
INV-0771,CUST-129,3514.94,EUR,2026-02-08,2026-03-10,2026-04-16,37,paid
INV-0772,CUST-129,6466.35,EUR,2026-06-29,2026-07-29,2026-08-10,12,paid
INV-0773,CUST-129,1988.97,EUR,2025-09-27,2025-10-27,2025-12-06,40,paid
INV-0774,CUST-129,17621.34,EUR,2026-01-29,2026-02-28,2026-03-27,27,paid
INV-0775,CUST-130,19007.29,EUR,2026-01-21,2026-02-20,2026-02-23,3,paid
INV-0776,CUST-130,11594.92,EUR,2025-08-18,2025-09-17,2025-10-02,15,paid
INV-0777,CUST-130,14594.8,EUR,2025-08-25,2025-09-24,2025-09-29,5,paid
INV-0778,CUST-130,3695.11,EUR,2025-08-04,2025-09-03,2025-09-22,19,paid
INV-0779,CUST-130,15721.67,EUR,2026-05-25,2026-06-24,,48,overdue
INV-0780,CUST-130,2452.09,EUR,2026-02-06,2026-03-08,2026-04-19,42,paid
INV-0781,CUST-131,23552.38,EUR,2025-10-05,2025-11-04,2025-11-30,26,paid
INV-0782,CUST-131,1701.78,EUR,2026-03-08,2026-04-07,2026-05-07,30,paid
INV-0783,CUST-131,1782.85,EUR,2025-09-24,2025-10-24,2025-11-13,20,paid
INV-0784,CUST-131,26009.63,EUR,2026-01-10,2026-02-09,2026-03-01,20,paid
INV-0785,CUST-131,5119.47,EUR,2025-10-02,2025-11-01,2025-12-02,31,paid
INV-0786,CUST-131,31336.19,EUR,2026-06-01,2026-07-01,2026-07-16,15,paid
INV-0787,CUST-131,36666.41,EUR,2025-11-07,2025-12-07,2026-01-18,42,paid
INV-0788,CUST-132,27975.39,EUR,2026-04-28,2026-05-28,2026-06-20,23,paid
INV-0789,CUST-132,9717.73,EUR,2025-12-11,2026-01-10,2026-02-19,40,paid
INV-0790,CUST-132,37944.82,EUR,2026-06-14,2026-07-14,2026-07-23,9,paid
INV-0791,CUST-132,2900.89,EUR,2026-03-09,2026-04-08,2026-05-14,36,paid
INV-0792,CUST-132,36363.45,EUR,2025-12-29,2026-01-28,2026-03-08,39,paid
INV-0793,CUST-132,32522.64,EUR,2026-06-05,2026-07-05,2026-07-23,18,paid
INV-0794,CUST-133,3773.32,EUR,2026-03-05,2026-04-04,2026-05-07,33,paid
INV-0795,CUST-133,19678.08,EUR,2025-11-21,2025-12-21,2026-01-12,22,paid
INV-0796,CUST-133,29597.93,EUR,2026-06-13,2026-07-13,2026-08-07,25,paid
INV-0797,CUST-133,19934.64,EUR,2026-02-19,2026-03-21,2026-04-24,34,paid
INV-0798,CUST-133,9643.4,EUR,2026-02-12,2026-03-14,2026-04-08,25,paid
INV-0799,CUST-133,28423.4,EUR,2026-03-16,2026-04-15,2026-05-14,29,paid
INV-0800,CUST-134,39735.63,EUR,2026-04-21,2026-05-21,2026-06-30,40,paid
INV-0801,CUST-134,23617.11,EUR,2025-07-27,2025-08-26,2025-09-06,11,paid
INV-0802,CUST-134,22864.8,EUR,2025-09-30,2025-10-30,2025-12-11,42,paid
INV-0803,CUST-134,12642.77,EUR,2025-11-25,2025-12-25,2026-02-03,40,paid
INV-0804,CUST-134,36554.86,EUR,2025-10-23,2025-11-22,2025-12-19,27,paid
INV-0805,CUST-134,32916.39,EUR,2025-10-06,2025-11-05,2025-11-08,3,paid
INV-0806,CUST-134,9668.64,EUR,2025-10-28,2025-11-27,2025-12-26,29,paid
INV-0807,CUST-134,11424.53,EUR,2026-05-08,2026-06-07,2026-07-20,43,paid
INV-0808,CUST-135,18933.5,EUR,2025-12-12,2026-01-11,2026-01-15,4,paid
INV-0809,CUST-135,9797.27,EUR,2025-09-01,2025-10-01,2025-10-27,26,paid
INV-0810,CUST-135,37208.01,EUR,2026-03-08,2026-04-07,2026-05-18,41,paid
INV-0811,CUST-135,12134.94,EUR,2026-05-01,2026-05-31,2026-07-08,38,paid
INV-0812,CUST-135,18739.27,EUR,2026-03-24,2026-04-23,2026-04-30,7,paid
INV-0813,CUST-135,9282.69,EUR,2026-05-07,2026-06-06,2026-06-21,15,paid
INV-0814,CUST-136,22253.9,EUR,2025-11-27,2025-12-27,2026-01-23,27,paid
INV-0815,CUST-136,29393.95,EUR,2025-12-18,2026-01-17,2026-01-19,2,paid
INV-0816,CUST-136,7843.65,EUR,2026-04-10,2026-05-10,2026-05-18,8,paid
INV-0817,CUST-136,12221.14,EUR,2026-07-08,2026-08-07,2026-08-11,4,paid
INV-0818,CUST-136,29277.79,EUR,2026-04-23,2026-05-23,2026-05-25,2,paid
INV-0819,CUST-136,35374.73,EUR,2025-11-16,2025-12-16,2025-12-19,3,paid
INV-0820,CUST-137,27390.71,EUR,2026-02-12,2026-03-14,2026-03-18,4,paid
INV-0821,CUST-137,40437.38,EUR,2025-12-26,2026-01-25,2026-03-08,42,paid
INV-0822,CUST-137,39948.8,EUR,2025-08-20,2025-09-19,2025-10-14,25,paid
INV-0823,CUST-137,11233.02,EUR,2026-05-12,2026-06-11,2026-07-17,36,paid
INV-0824,CUST-138,23870.52,EUR,2026-05-22,2026-06-21,2026-07-21,30,paid
INV-0825,CUST-138,11929.92,EUR,2025-10-27,2025-11-26,2025-12-01,5,paid
INV-0826,CUST-138,27312.1,EUR,2026-03-23,2026-04-22,2026-05-12,20,paid
INV-0827,CUST-138,37589.17,EUR,2026-02-04,2026-03-06,2026-03-30,24,paid
INV-0828,CUST-138,42149.1,EUR,2026-03-24,2026-04-23,2026-05-06,13,paid
INV-0829,CUST-138,5521.18,EUR,2026-05-10,2026-06-09,2026-06-22,13,paid
INV-0830,CUST-138,20224.81,EUR,2026-03-04,2026-04-03,2026-04-19,16,paid
INV-0831,CUST-138,3271.9,EUR,2025-09-24,2025-10-24,2025-11-27,34,paid
INV-0832,CUST-139,42733.02,EUR,2025-07-29,2025-08-28,2025-09-17,20,paid
INV-0833,CUST-139,19531.13,EUR,2025-10-16,2025-11-15,2025-12-28,43,paid
INV-0834,CUST-139,43378.54,EUR,2026-03-18,2026-04-17,2026-04-26,9,paid
INV-0835,CUST-139,21804.8,EUR,2026-01-18,2026-02-17,2026-03-12,23,paid
INV-0836,CUST-139,1731.48,EUR,2026-02-15,2026-03-17,2026-04-24,38,paid
INV-0837,CUST-139,37993.11,EUR,2026-07-05,2026-08-04,2026-08-04,0,paid
INV-0838,CUST-140,25230.57,EUR,2026-03-15,2026-04-14,2026-05-03,19,paid
INV-0839,CUST-140,43164.98,EUR,2025-08-29,2025-09-28,2025-10-21,23,paid
INV-0840,CUST-140,6194.78,EUR,2025-08-06,2025-09-05,2025-09-20,15,paid
INV-0841,CUST-140,17970.42,EUR,2025-12-08,2026-01-07,2026-02-01,25,paid
INV-0842,CUST-140,14099.26,EUR,2026-03-14,2026-04-13,2026-04-28,15,paid
INV-0843,CUST-141,38786.22,EUR,2026-04-06,2026-05-06,2026-05-16,10,paid
INV-0844,CUST-141,28705.79,EUR,2025-12-10,2026-01-09,2026-02-19,41,paid
INV-0845,CUST-141,35687.83,EUR,2025-12-26,2026-01-25,2026-02-11,17,paid
INV-0846,CUST-141,37185.34,EUR,2026-06-11,2026-07-11,2026-07-26,15,paid
INV-0847,CUST-141,41751.18,EUR,2025-12-23,2026-01-22,2026-02-12,21,paid
INV-0848,CUST-141,39552.85,EUR,2025-12-18,2026-01-17,2026-01-23,6,paid
INV-0849,CUST-142,12334.88,EUR,2025-07-30,2025-08-29,2025-09-02,4,paid
INV-0850,CUST-142,19402.48,EUR,2026-01-23,2026-02-22,2026-03-29,35,paid
INV-0851,CUST-142,20834.17,EUR,2026-02-05,2026-03-07,2026-03-08,1,paid
INV-0852,CUST-142,29148.68,EUR,2026-06-26,2026-07-26,2026-08-09,14,paid
INV-0853,CUST-142,6815.28,EUR,2025-08-28,2025-09-27,2025-10-22,25,paid
INV-0854,CUST-143,14305.2,EUR,2025-09-04,2025-10-04,2025-11-09,36,paid
INV-0855,CUST-143,5698.61,EUR,2026-06-10,2026-07-10,2026-08-01,22,paid
INV-0856,CUST-143,34531.79,EUR,2025-08-24,2025-09-23,2025-10-31,38,paid
INV-0857,CUST-143,18935.98,EUR,2025-08-05,2025-09-04,2025-09-24,20,paid
INV-0858,CUST-143,21943.75,EUR,2025-12-03,2026-01-02,2026-01-10,8,paid
INV-0859,CUST-144,31186.04,EUR,2026-04-25,2026-05-25,2026-06-14,20,paid
INV-0860,CUST-144,9580.94,EUR,2026-02-28,2026-03-30,2026-04-25,26,paid
INV-0861,CUST-144,8839.51,EUR,2026-01-15,2026-02-14,2026-03-10,24,paid
INV-0862,CUST-144,10722.33,EUR,2025-10-03,2025-11-02,2025-11-03,1,paid
INV-0863,CUST-144,29402.12,EUR,2025-10-10,2025-11-09,2025-12-19,40,paid
INV-0864,CUST-144,40882.54,EUR,2026-03-27,2026-04-26,2026-05-25,29,paid
INV-0865,CUST-145,31795.74,EUR,2026-03-10,2026-04-09,2026-04-19,10,paid
INV-0866,CUST-145,18525.74,EUR,2026-06-27,2026-07-27,2026-08-04,8,paid
INV-0867,CUST-145,4736.51,EUR,2026-05-07,2026-06-06,2026-06-29,23,paid
INV-0868,CUST-145,42668.16,EUR,2026-04-26,2026-05-26,2026-06-02,7,paid
INV-0869,CUST-145,32561.39,EUR,2026-07-15,2026-08-14,,0,open
INV-0870,CUST-146,37364.78,EUR,2025-12-02,2026-01-01,2026-02-01,31,paid
INV-0871,CUST-146,10722.19,EUR,2026-05-23,2026-06-22,2026-07-22,30,paid
INV-0872,CUST-146,13527.92,EUR,2026-03-08,2026-04-07,2026-05-08,31,paid
INV-0873,CUST-146,6554.81,EUR,2026-01-08,2026-02-07,2026-02-20,13,paid
INV-0874,CUST-146,10328.04,EUR,2025-09-18,2025-10-18,2025-11-05,18,paid
INV-0875,CUST-146,9169.85,EUR,2025-08-10,2025-09-09,2025-09-20,11,paid
INV-0876,CUST-146,35826.89,EUR,2025-12-25,2026-01-24,2026-01-25,1,paid
INV-0877,CUST-147,28101.47,EUR,2025-12-17,2026-01-16,2026-01-23,7,paid
INV-0878,CUST-147,26564.32,EUR,2025-12-21,2026-01-20,2026-01-31,11,paid
INV-0879,CUST-147,4589.65,EUR,2025-09-10,2025-10-10,2025-10-24,14,paid
INV-0880,CUST-147,15087.47,EUR,2026-03-14,2026-04-13,,120,overdue
INV-0881,CUST-147,31431.64,EUR,2026-04-08,2026-05-08,,95,overdue
INV-0882,CUST-147,31158.88,EUR,2026-04-30,2026-05-30,,73,overdue
INV-0883,CUST-148,33335.8,EUR,2025-12-18,2026-01-17,2026-02-02,16,paid
INV-0884,CUST-148,5011.35,EUR,2026-06-15,2026-07-15,,27,overdue
INV-0885,CUST-148,41953.06,EUR,2026-02-02,2026-03-04,2026-04-03,30,paid
INV-0886,CUST-148,44855.88,EUR,2026-01-22,2026-02-21,2026-04-04,42,paid
INV-0887,CUST-148,32162.82,EUR,2025-09-19,2025-10-19,2025-10-21,2,paid
INV-0888,CUST-148,12011.63,EUR,2026-07-20,2026-08-19,,0,open
INV-0889,CUST-148,17637.45,EUR,2025-09-08,2025-10-08,2025-11-02,25,paid
INV-0890,CUST-149,43588.16,EUR,2026-05-16,2026-06-15,2026-07-03,18,paid
INV-0891,CUST-149,12304.89,EUR,2026-04-22,2026-05-22,2026-06-23,32,paid
INV-0892,CUST-149,41920.45,EUR,2025-11-12,2025-12-12,2026-01-10,29,paid
INV-0893,CUST-149,4762.44,EUR,2026-05-16,2026-06-15,2026-06-28,13,paid
INV-0894,CUST-149,12309.95,EUR,2026-05-11,2026-06-10,2026-06-30,20,paid
INV-0895,CUST-149,44050.43,EUR,2026-06-30,2026-07-30,2026-08-03,4,paid
INV-0896,CUST-150,13305.31,EUR,2025-12-14,2026-01-13,2026-01-29,16,paid
INV-0897,CUST-150,37467.84,EUR,2025-09-12,2025-10-12,2025-10-28,16,paid
INV-0898,CUST-150,14635.06,EUR,2025-10-31,2025-11-30,2025-12-10,10,paid
INV-0899,CUST-150,33369.62,EUR,2026-02-11,2026-03-13,2026-04-13,31,paid
INV-0900,CUST-150,25360.82,EUR,2026-05-06,2026-06-05,2026-07-17,42,paid
INV-0901,CUST-150,36081.33,EUR,2025-08-31,2025-09-30,2025-10-03,3,paid
INV-0902,CUST-151,3211.87,EUR,2026-05-07,2026-06-06,2026-06-17,11,paid
INV-0903,CUST-151,21584.94,EUR,2026-07-04,2026-08-03,2026-08-10,7,paid
INV-0904,CUST-151,5928.26,EUR,2025-12-11,2026-01-10,2026-02-10,31,paid
INV-0905,CUST-151,20315.17,EUR,2026-07-02,2026-08-01,2026-08-09,8,paid
INV-0906,CUST-151,21032.98,EUR,2025-11-16,2025-12-16,2025-12-23,7,paid
INV-0907,CUST-152,16252.51,EUR,2026-05-20,2026-06-19,2026-06-28,9,paid
INV-0908,CUST-152,37704.95,EUR,2026-04-21,2026-05-21,2026-06-22,32,paid
INV-0909,CUST-152,25695.53,EUR,2026-03-05,2026-04-04,2026-05-16,42,paid
INV-0910,CUST-152,10187.91,EUR,2025-09-26,2025-10-26,2025-10-26,0,paid
INV-0911,CUST-152,34694.67,EUR,2025-10-26,2025-11-25,2025-12-06,11,paid
INV-0912,CUST-153,11680.16,EUR,2026-06-13,2026-07-13,2026-07-16,3,paid
INV-0913,CUST-153,1947.53,EUR,2026-02-04,2026-03-06,2026-04-18,43,paid
INV-0914,CUST-153,6192.0,EUR,2025-08-08,2025-09-07,2025-09-30,23,paid
INV-0915,CUST-153,41868.36,EUR,2025-09-23,2025-10-23,2025-10-29,6,paid
INV-0916,CUST-153,7596.88,EUR,2026-02-07,2026-03-09,2026-03-14,5,paid
INV-0917,CUST-153,37516.91,EUR,2025-11-29,2025-12-29,2026-02-09,42,paid
INV-0918,CUST-153,20869.25,EUR,2025-11-19,2025-12-19,2026-01-05,17,paid
INV-0919,CUST-154,1056.6,EUR,2025-08-20,2025-09-19,2025-09-21,2,paid
INV-0920,CUST-154,28308.53,EUR,2025-08-21,2025-09-20,2025-10-18,28,paid
INV-0921,CUST-154,42675.89,EUR,2026-02-06,2026-03-08,2026-04-13,36,paid
INV-0922,CUST-154,10142.42,EUR,2026-05-17,2026-06-16,,56,overdue
INV-0923,CUST-154,13306.57,EUR,2025-08-27,2025-09-26,2025-09-29,3,paid
INV-0924,CUST-154,24984.31,EUR,2026-06-16,2026-07-16,2026-07-18,2,paid
INV-0925,CUST-154,12078.24,EUR,2025-12-30,2026-01-29,2026-02-13,15,paid
INV-0926,CUST-154,4742.12,EUR,2025-12-30,2026-01-29,2026-02-11,13,paid
INV-0927,CUST-155,13394.17,EUR,2025-11-15,2025-12-15,2025-12-27,12,paid
INV-0928,CUST-155,7612.75,EUR,2025-08-14,2025-09-13,2025-10-03,20,paid
INV-0929,CUST-155,19910.24,EUR,2026-03-18,2026-04-17,,116,overdue
INV-0930,CUST-155,36440.81,EUR,2026-04-07,2026-05-07,,96,overdue
INV-0931,CUST-155,14506.48,EUR,2026-04-19,2026-05-19,,84,overdue
INV-0932,CUST-156,16669.76,EUR,2026-05-16,2026-06-15,,57,overdue
INV-0933,CUST-156,23459.27,EUR,2026-01-15,2026-02-14,2026-03-17,31,paid
INV-0934,CUST-156,39935.26,EUR,2025-12-06,2026-01-05,2026-02-04,30,paid
INV-0935,CUST-156,25687.12,EUR,2026-03-07,2026-04-06,2026-05-03,27,paid
INV-0936,CUST-156,34236.89,EUR,2026-06-06,2026-07-06,2026-07-25,19,paid
INV-0937,CUST-156,19987.48,EUR,2026-04-18,2026-05-18,2026-06-14,27,paid
INV-0938,CUST-156,2587.36,EUR,2026-06-05,2026-07-05,2026-07-19,14,paid
INV-0939,CUST-156,10710.98,EUR,2025-08-10,2025-09-09,2025-10-22,43,paid
INV-0940,CUST-157,24105.72,EUR,2025-11-11,2025-12-11,2026-01-21,41,paid
INV-0941,CUST-157,4511.48,EUR,2025-10-27,2025-11-26,2025-12-25,29,paid
INV-0942,CUST-157,4299.89,EUR,2025-12-11,2026-01-10,2026-02-09,30,paid
INV-0943,CUST-157,7368.41,EUR,2026-02-19,2026-03-21,2026-03-29,8,paid
INV-0944,CUST-157,40708.34,EUR,2025-08-06,2025-09-05,2025-09-20,15,paid
INV-0945,CUST-158,13860.29,EUR,2025-12-16,2026-01-15,2026-01-18,3,paid
INV-0946,CUST-158,4182.74,EUR,2025-10-13,2025-11-12,2025-11-14,2,paid
INV-0947,CUST-158,5557.34,EUR,2025-11-02,2025-12-02,2025-12-29,27,paid
INV-0948,CUST-158,4976.21,EUR,2025-12-23,2026-01-22,2026-03-05,42,paid
INV-0949,CUST-158,36726.85,EUR,2025-10-04,2025-11-03,2025-11-25,22,paid
INV-0950,CUST-158,26682.1,EUR,2026-03-14,2026-04-13,2026-05-15,32,paid
INV-0951,CUST-158,5835.95,EUR,2026-07-14,2026-08-13,,0,open
INV-0952,CUST-158,21259.25,EUR,2025-08-18,2025-09-17,2025-09-28,11,paid
INV-0953,CUST-159,4481.44,EUR,2026-06-29,2026-07-29,2026-08-02,4,paid
INV-0954,CUST-159,26754.61,EUR,2026-02-12,2026-03-14,2026-04-12,29,paid
INV-0955,CUST-159,20687.7,EUR,2025-08-13,2025-09-12,2025-09-28,16,paid
INV-0956,CUST-159,43529.01,EUR,2026-01-29,2026-02-28,2026-03-11,11,paid
INV-0957,CUST-159,8980.86,EUR,2026-04-05,2026-05-05,2026-06-12,38,paid
INV-0958,CUST-159,39325.42,EUR,2026-03-12,2026-04-11,2026-04-17,6,paid
INV-0959,CUST-159,24419.42,EUR,2025-12-12,2026-01-11,2026-01-11,0,paid
INV-0960,CUST-160,1388.06,EUR,2026-05-24,2026-06-23,2026-07-07,14,paid
INV-0961,CUST-160,18705.05,EUR,2025-08-02,2025-09-01,2025-10-13,42,paid
INV-0962,CUST-160,32885.28,EUR,2025-09-17,2025-10-17,2025-11-05,19,paid
INV-0963,CUST-160,36740.46,EUR,2025-09-09,2025-10-09,2025-11-17,39,paid
INV-0964,CUST-160,31327.27,EUR,2026-01-19,2026-02-18,2026-04-03,44,paid
INV-0965,CUST-160,18258.88,EUR,2025-08-11,2025-09-10,2025-09-29,19,paid
INV-0966,CUST-160,6328.96,EUR,2026-06-08,2026-07-08,,34,overdue
INV-0967,CUST-161,31564.63,EUR,2026-07-14,2026-08-13,,0,open
INV-0968,CUST-161,38768.33,EUR,2026-04-17,2026-05-17,2026-05-30,13,paid
INV-0969,CUST-161,29469.15,EUR,2025-11-18,2025-12-18,2026-01-28,41,paid
INV-0970,CUST-161,20061.85,EUR,2026-03-21,2026-04-20,2026-05-30,40,paid
INV-0971,CUST-162,4605.33,EUR,2026-04-16,2026-05-16,2026-06-14,29,paid
INV-0972,CUST-162,21750.32,EUR,2026-05-08,2026-06-07,2026-06-08,1,paid
INV-0973,CUST-162,8141.86,EUR,2026-05-24,2026-06-23,2026-07-15,22,paid
INV-0974,CUST-162,43402.92,EUR,2025-12-07,2026-01-06,2026-02-05,30,paid
INV-0975,CUST-162,38803.0,EUR,2026-07-12,2026-08-11,,0,open
INV-0976,CUST-162,11524.23,EUR,2025-09-26,2025-10-26,2025-11-13,18,paid
INV-0977,CUST-162,37461.72,EUR,2025-10-04,2025-11-03,2025-11-28,25,paid
INV-0978,CUST-162,15556.17,EUR,2026-06-26,2026-07-26,,16,overdue
INV-0979,CUST-163,38308.84,EUR,2025-12-22,2026-01-21,2026-02-27,37,paid
INV-0980,CUST-163,33113.67,EUR,2025-09-20,2025-10-20,2025-11-07,18,paid
INV-0981,CUST-163,22347.35,EUR,2026-07-04,2026-08-03,2026-08-10,7,paid
INV-0982,CUST-163,32371.63,EUR,2026-03-26,2026-04-25,2026-05-28,33,paid
INV-0983,CUST-163,19452.6,EUR,2026-07-13,2026-08-12,,0,open
INV-0984,CUST-163,25253.9,EUR,2026-02-11,2026-03-13,2026-03-30,17,paid
INV-0985,CUST-163,19237.48,EUR,2025-08-25,2025-09-24,2025-10-24,30,paid
INV-0986,CUST-164,28323.19,EUR,2025-11-11,2025-12-11,2026-01-21,41,paid
INV-0987,CUST-164,20615.98,EUR,2026-01-26,2026-02-25,2026-03-24,27,paid
INV-0988,CUST-164,7930.94,EUR,2026-07-12,2026-08-11,,0,open
INV-0989,CUST-164,21540.43,EUR,2026-04-15,2026-05-15,2026-06-12,28,paid
INV-0990,CUST-165,10510.84,EUR,2025-11-05,2025-12-05,2026-01-17,43,paid
INV-0991,CUST-165,41540.71,EUR,2026-01-30,2026-03-01,2026-04-15,45,paid
INV-0992,CUST-165,21506.25,EUR,2025-08-20,2025-09-19,2025-10-07,18,paid
INV-0993,CUST-165,43223.31,EUR,2026-01-04,2026-02-03,2026-03-18,43,paid
INV-0994,CUST-165,33268.64,EUR,2025-08-22,2025-09-21,2025-10-21,30,paid
INV-0995,CUST-166,9958.62,EUR,2025-09-07,2025-10-07,2025-11-20,44,paid
INV-0996,CUST-166,30283.9,EUR,2026-06-08,2026-07-08,2026-07-14,6,paid
INV-0997,CUST-166,27574.11,EUR,2026-05-03,2026-06-02,2026-06-08,6,paid
INV-0998,CUST-166,42483.02,EUR,2025-12-22,2026-01-21,2026-02-21,31,paid
INV-0999,CUST-166,11174.58,EUR,2026-02-17,2026-03-19,2026-04-23,35,paid
INV-1000,CUST-167,16658.37,EUR,2026-07-13,2026-08-12,,0,open
INV-1001,CUST-167,16581.34,EUR,2026-03-11,2026-04-10,2026-04-20,10,paid
INV-1002,CUST-167,37395.33,EUR,2026-04-24,2026-05-24,2026-06-25,32,paid
INV-1003,CUST-167,36461.25,EUR,2026-07-06,2026-08-05,2026-08-05,0,paid
INV-1004,CUST-168,6134.41,EUR,2026-03-28,2026-04-27,2026-05-11,14,paid
INV-1005,CUST-168,12195.74,EUR,2025-11-15,2025-12-15,2026-01-05,21,paid
INV-1006,CUST-168,34806.33,EUR,2026-01-22,2026-02-21,2026-03-28,35,paid
INV-1007,CUST-168,40417.24,EUR,2026-03-08,2026-04-07,2026-05-21,44,paid
INV-1008,CUST-168,27509.6,EUR,2025-11-01,2025-12-01,2025-12-07,6,paid
INV-1009,CUST-168,41757.14,EUR,2026-06-27,2026-07-27,2026-08-10,14,paid
INV-1010,CUST-168,43879.96,EUR,2026-05-27,2026-06-26,2026-07-15,19,paid
INV-1011,CUST-168,37203.57,EUR,2026-05-31,2026-06-30,,42,overdue
INV-1012,CUST-169,28642.73,EUR,2026-04-28,2026-05-28,2026-06-10,13,paid
INV-1013,CUST-169,7740.84,EUR,2026-01-18,2026-02-17,2026-03-07,18,paid
INV-1014,CUST-169,34478.84,EUR,2025-12-08,2026-01-07,2026-02-07,31,paid
INV-1015,CUST-169,7619.87,EUR,2026-06-02,2026-07-02,2026-07-28,26,paid
INV-1016,CUST-170,38307.9,EUR,2026-05-21,2026-06-20,2026-07-03,13,paid
INV-1017,CUST-170,11642.97,EUR,2026-07-19,2026-08-18,,0,open
INV-1018,CUST-170,15886.35,EUR,2025-11-22,2025-12-22,2026-01-23,32,paid
INV-1019,CUST-170,4567.34,EUR,2026-04-26,2026-05-26,2026-06-18,23,paid
INV-1020,CUST-170,16740.44,EUR,2025-12-22,2026-01-21,2026-03-04,42,paid
INV-1021,CUST-171,34091.72,EUR,2026-02-25,2026-03-27,2026-05-24,58,paid
INV-1022,CUST-171,36238.18,EUR,2026-03-04,2026-04-03,2026-05-31,58,paid
INV-1023,CUST-171,42871.35,EUR,2025-09-21,2025-10-21,2025-12-16,56,paid
INV-1024,CUST-171,7234.83,EUR,2025-09-29,2025-10-29,2025-12-13,45,paid
INV-1025,CUST-171,42509.01,EUR,2025-08-22,2025-09-21,,47,overdue
INV-1026,CUST-172,19985.99,EUR,2026-04-29,2026-05-29,2026-06-23,25,paid
INV-1027,CUST-172,29979.79,EUR,2026-07-04,2026-08-03,2026-08-03,0,paid
INV-1028,CUST-172,44118.08,EUR,2025-09-02,2025-10-02,2025-11-13,42,paid
INV-1029,CUST-172,43791.62,EUR,2025-10-29,2025-11-28,2025-12-24,26,paid
INV-1030,CUST-172,39951.6,EUR,2025-12-29,2026-01-28,2026-03-13,44,paid
INV-1031,CUST-172,39410.75,EUR,2025-10-12,2025-11-11,2025-12-01,20,paid
INV-1032,CUST-172,1149.28,EUR,2026-01-27,2026-02-26,2026-03-15,17,paid
INV-1033,CUST-173,41483.92,EUR,2025-09-13,2025-10-13,2025-11-26,44,paid
INV-1034,CUST-173,20521.56,EUR,2025-12-28,2026-01-27,2026-02-09,13,paid
INV-1035,CUST-173,28396.7,EUR,2025-10-17,2025-11-16,2025-12-25,39,paid
INV-1036,CUST-173,20342.76,EUR,2025-08-23,2025-09-22,2025-10-14,22,paid
INV-1037,CUST-173,18679.15,EUR,2025-08-24,2025-09-23,2025-10-05,12,paid
INV-1038,CUST-173,4525.22,EUR,2026-02-18,2026-03-20,2026-04-23,34,paid
INV-1039,CUST-173,18037.71,EUR,2026-02-01,2026-03-03,2026-03-11,8,paid
INV-1040,CUST-173,44643.04,EUR,2025-10-29,2025-11-28,2025-12-16,18,paid
INV-1041,CUST-174,23415.89,EUR,2026-06-05,2026-07-05,2026-07-15,10,paid
INV-1042,CUST-174,7873.21,EUR,2025-08-31,2025-09-30,2025-10-01,1,paid
INV-1043,CUST-174,26988.66,EUR,2025-10-19,2025-11-18,2025-12-03,15,paid
INV-1044,CUST-174,32911.71,EUR,2026-02-17,2026-03-19,2026-04-20,32,paid
INV-1045,CUST-174,33153.79,EUR,2026-05-27,2026-06-26,2026-07-04,8,paid
INV-1046,CUST-175,6272.54,EUR,2026-01-22,2026-02-21,2026-04-03,41,paid
INV-1047,CUST-175,20634.17,EUR,2026-05-20,2026-06-19,2026-06-19,0,paid
INV-1048,CUST-175,15782.93,EUR,2025-12-02,2026-01-01,2026-01-16,15,paid
INV-1049,CUST-175,25799.4,EUR,2025-09-28,2025-10-28,2025-12-07,40,paid
INV-1050,CUST-175,24371.36,EUR,2025-08-16,2025-09-15,2025-10-23,38,paid
INV-1051,CUST-175,16284.9,EUR,2026-03-25,2026-04-24,2026-05-12,18,paid
INV-1052,CUST-175,35487.69,EUR,2025-08-15,2025-09-14,2025-10-29,45,paid
INV-1053,CUST-175,30521.57,EUR,2025-10-02,2025-11-01,2025-12-16,45,paid
INV-1054,CUST-176,33398.04,EUR,2025-10-29,2025-11-28,2025-12-04,6,paid
INV-1055,CUST-176,23627.17,EUR,2026-02-05,2026-03-07,2026-03-19,12,paid
INV-1056,CUST-176,20880.48,EUR,2026-01-19,2026-02-18,2026-02-27,9,paid
INV-1057,CUST-176,37416.94,EUR,2025-12-17,2026-01-16,2026-01-21,5,paid
INV-1058,CUST-176,3548.96,EUR,2026-06-05,2026-07-05,2026-07-20,15,paid
INV-1059,CUST-176,20520.45,EUR,2026-04-04,2026-05-04,2026-05-27,23,paid
INV-1060,CUST-176,24060.5,EUR,2025-08-10,2025-09-09,2025-10-16,37,paid
INV-1061,CUST-177,35224.05,EUR,2025-10-30,2025-11-29,2025-12-15,16,paid
INV-1062,CUST-177,22848.17,EUR,2025-09-26,2025-10-26,2025-11-22,27,paid
INV-1063,CUST-177,31254.59,EUR,2025-12-09,2026-01-08,2026-02-08,31,paid
INV-1064,CUST-177,37212.48,EUR,2025-12-21,2026-01-20,2026-01-29,9,paid
INV-1065,CUST-177,6418.88,EUR,2025-11-06,2025-12-06,2026-01-20,45,paid
INV-1066,CUST-177,6518.83,EUR,2025-11-30,2025-12-30,2026-02-13,45,paid
INV-1067,CUST-177,38956.61,EUR,2025-11-02,2025-12-02,2025-12-09,7,paid
INV-1068,CUST-177,10198.8,EUR,2025-08-01,2025-08-31,2025-09-30,30,paid
INV-1069,CUST-178,42527.87,EUR,2026-05-03,2026-06-02,2026-06-25,23,paid
INV-1070,CUST-178,27390.73,EUR,2026-05-23,2026-06-22,2026-06-25,3,paid
INV-1071,CUST-178,26072.0,EUR,2026-01-14,2026-02-13,2026-02-15,2,paid
INV-1072,CUST-178,7576.06,EUR,2025-10-28,2025-11-27,2025-12-20,23,paid
INV-1073,CUST-179,14204.1,EUR,2026-01-12,2026-02-11,2026-03-14,31,paid
INV-1074,CUST-179,35771.2,EUR,2026-07-08,2026-08-07,2026-08-11,4,paid
INV-1075,CUST-179,2950.38,EUR,2025-12-19,2026-01-18,2026-02-06,19,paid
INV-1076,CUST-179,10328.7,EUR,2026-02-27,2026-03-29,2026-04-29,31,paid
INV-1077,CUST-179,6206.89,EUR,2026-07-21,2026-08-20,,0,open
INV-1078,CUST-179,3786.35,EUR,2026-01-25,2026-02-24,2026-02-26,2,paid
INV-1079,CUST-180,26129.21,EUR,2025-11-18,2025-12-18,2026-01-23,36,paid
INV-1080,CUST-180,40592.7,EUR,2025-12-03,2026-01-02,2026-01-26,24,paid
INV-1081,CUST-180,37683.13,EUR,2025-11-21,2025-12-21,2026-01-28,38,paid
INV-1082,CUST-180,34478.24,EUR,2026-05-16,2026-06-15,2026-06-29,14,paid
INV-1083,CUST-180,30291.16,EUR,2025-12-04,2026-01-03,2026-01-12,9,paid
INV-1084,CUST-180,4747.72,EUR,2026-02-06,2026-03-08,2026-04-16,39,paid
INV-1085,CUST-180,28362.65,EUR,2025-08-16,2025-09-15,2025-10-09,24,paid
INV-1086,CUST-181,15783.71,EUR,2026-01-01,2026-01-31,2026-02-02,2,paid
INV-1087,CUST-181,40139.91,EUR,2025-08-13,2025-09-12,2025-09-29,17,paid
INV-1088,CUST-181,4713.02,EUR,2025-08-26,2025-09-25,2025-10-05,10,paid
INV-1089,CUST-181,26082.17,EUR,2026-07-10,2026-08-09,2026-08-11,2,paid
INV-1090,CUST-181,25598.16,EUR,2026-02-14,2026-03-16,2026-03-23,7,paid
INV-1091,CUST-182,9305.26,EUR,2026-06-09,2026-07-09,2026-07-27,18,paid
INV-1092,CUST-182,43112.34,EUR,2026-06-25,2026-07-25,2026-08-09,15,paid
INV-1093,CUST-182,40441.4,EUR,2025-11-07,2025-12-07,2025-12-14,7,paid
INV-1094,CUST-182,42179.24,EUR,2025-08-19,2025-09-18,2025-09-29,11,paid
INV-1095,CUST-182,12953.34,EUR,2026-07-13,2026-08-12,,0,open
INV-1096,CUST-182,11641.67,EUR,2026-04-08,2026-05-08,2026-06-22,45,paid
INV-1097,CUST-182,20434.94,EUR,2025-09-29,2025-10-29,2025-12-02,34,paid
INV-1098,CUST-182,14963.06,EUR,2025-09-15,2025-10-15,2025-11-21,37,paid
INV-1099,CUST-183,38899.27,EUR,2025-11-13,2025-12-13,2025-12-14,1,paid
INV-1100,CUST-183,20116.17,EUR,2026-01-29,2026-02-28,2026-03-26,26,paid
INV-1101,CUST-183,38796.46,EUR,2026-07-10,2026-08-09,2026-08-10,1,paid
INV-1102,CUST-183,5867.29,EUR,2026-06-06,2026-07-06,,36,overdue
INV-1103,CUST-184,7166.31,EUR,2026-02-26,2026-03-28,2026-04-13,16,paid
INV-1104,CUST-184,7616.85,EUR,2026-06-07,2026-07-07,2026-07-28,21,paid
INV-1105,CUST-184,3403.99,EUR,2026-04-27,2026-05-27,2026-06-16,20,paid
INV-1106,CUST-184,2000.97,EUR,2026-04-21,2026-05-21,2026-05-24,3,paid
INV-1107,CUST-184,18035.34,EUR,2026-02-20,2026-03-22,2026-04-11,20,paid
INV-1108,CUST-185,40271.09,EUR,2025-12-23,2026-01-22,2026-02-07,16,paid
INV-1109,CUST-185,42417.73,EUR,2026-01-11,2026-02-10,2026-02-17,7,paid
INV-1110,CUST-185,9753.13,EUR,2026-06-26,2026-07-26,2026-08-02,7,paid
INV-1111,CUST-185,23281.06,EUR,2025-11-12,2025-12-12,2026-01-13,32,paid
INV-1112,CUST-185,42761.58,EUR,2026-01-06,2026-02-05,2026-02-22,17,paid
INV-1113,CUST-186,21345.2,EUR,2026-02-10,2026-03-12,2026-04-07,26,paid
INV-1114,CUST-186,22200.38,EUR,2026-06-19,2026-07-19,2026-07-26,7,paid
INV-1115,CUST-186,12696.86,EUR,2026-07-13,2026-08-12,,0,open
INV-1116,CUST-186,30639.31,EUR,2025-09-25,2025-10-25,2025-11-09,15,paid
INV-1117,CUST-187,35506.47,EUR,2025-08-23,2025-09-22,2025-10-11,19,paid
INV-1118,CUST-187,18778.17,EUR,2025-10-05,2025-11-04,2025-11-09,5,paid
INV-1119,CUST-187,22919.11,EUR,2025-08-31,2025-09-30,2025-10-09,9,paid
INV-1120,CUST-187,24687.44,EUR,2026-01-12,2026-02-11,2026-02-21,10,paid
INV-1121,CUST-187,24559.07,EUR,2026-03-19,2026-04-18,2026-05-15,27,paid
INV-1122,CUST-187,20767.0,EUR,2025-10-11,2025-11-10,2025-11-10,0,paid
INV-1123,CUST-187,43281.26,EUR,2025-11-27,2025-12-27,2026-02-04,39,paid
INV-1124,CUST-187,29665.2,EUR,2026-02-24,2026-03-26,2026-04-05,10,paid
INV-1125,CUST-188,42061.0,EUR,2026-06-22,2026-07-22,2026-08-10,19,paid
INV-1126,CUST-188,37905.36,EUR,2026-03-16,2026-04-15,2026-05-09,24,paid
INV-1127,CUST-188,38035.79,EUR,2026-01-24,2026-02-23,2026-03-08,13,paid
INV-1128,CUST-188,37958.24,EUR,2025-09-26,2025-10-26,2025-11-13,18,paid
INV-1129,CUST-189,33471.89,EUR,2026-05-01,2026-05-31,2026-07-06,36,paid
INV-1130,CUST-189,14088.22,EUR,2026-06-17,2026-07-17,2026-07-20,3,paid
INV-1131,CUST-189,32848.26,EUR,2026-05-12,2026-06-11,2026-06-28,17,paid
INV-1132,CUST-189,10119.58,EUR,2025-12-13,2026-01-12,2026-02-13,32,paid
INV-1133,CUST-190,42587.05,EUR,2025-08-07,2025-09-06,2025-10-16,40,paid
INV-1134,CUST-190,44100.1,EUR,2026-03-11,2026-04-10,2026-05-25,45,paid
INV-1135,CUST-190,12867.18,EUR,2025-12-03,2026-01-02,2026-02-13,42,paid
INV-1136,CUST-190,15900.04,EUR,2026-02-08,2026-03-10,2026-04-08,29,paid
INV-1137,CUST-190,15317.81,EUR,2025-09-19,2025-10-19,2025-12-02,44,paid
INV-1138,CUST-190,29372.79,EUR,2026-05-15,2026-06-14,,58,overdue
INV-1139,CUST-191,40643.87,EUR,2026-07-20,2026-08-19,,0,open
INV-1140,CUST-191,8470.29,EUR,2025-08-12,2025-09-11,2025-10-16,35,paid
INV-1141,CUST-191,31885.85,EUR,2025-07-31,2025-08-30,2025-09-24,25,paid
INV-1142,CUST-191,4386.78,EUR,2025-10-20,2025-11-19,2025-12-30,41,paid
INV-1143,CUST-191,4226.52,EUR,2025-08-23,2025-09-22,2025-09-23,1,paid
INV-1144,CUST-191,20476.81,EUR,2025-08-13,2025-09-12,2025-09-19,7,paid
INV-1145,CUST-191,43764.13,EUR,2026-01-23,2026-02-22,2026-03-18,24,paid
INV-1146,CUST-192,17894.4,EUR,2026-01-20,2026-02-19,2026-04-04,44,paid
INV-1147,CUST-192,6314.56,EUR,2026-07-18,2026-08-17,,0,open
INV-1148,CUST-192,42182.15,EUR,2026-01-14,2026-02-13,2026-03-13,28,paid
INV-1149,CUST-192,10591.22,EUR,2026-07-18,2026-08-17,,0,open
INV-1150,CUST-192,34322.21,EUR,2026-07-12,2026-08-11,,0,open
INV-1151,CUST-192,41525.82,EUR,2025-08-08,2025-09-07,2025-09-29,22,paid
INV-1152,CUST-192,4776.52,EUR,2026-04-15,2026-05-15,2026-06-23,39,paid
INV-1153,CUST-192,14200.49,EUR,2025-09-05,2025-10-05,2025-11-19,45,paid
INV-1154,CUST-193,44121.27,EUR,2026-03-25,2026-04-24,2026-05-17,23,paid
INV-1155,CUST-193,13209.43,EUR,2026-07-04,2026-08-03,2026-08-06,3,paid
INV-1156,CUST-193,9467.04,EUR,2026-07-19,2026-08-18,,0,open
INV-1157,CUST-193,18307.01,EUR,2025-08-30,2025-09-29,2025-10-16,17,paid
INV-1158,CUST-193,22914.39,EUR,2025-10-04,2025-11-03,2025-11-13,10,paid
INV-1159,CUST-194,29964.86,EUR,2026-04-14,2026-05-14,2026-06-19,36,paid
INV-1160,CUST-194,30961.36,EUR,2025-08-12,2025-09-11,2025-10-17,36,paid
INV-1161,CUST-194,3688.94,EUR,2026-04-24,2026-05-24,2026-06-01,8,paid
INV-1162,CUST-194,6432.45,EUR,2026-06-19,2026-07-19,2026-07-26,7,paid
INV-1163,CUST-194,33017.33,EUR,2025-10-28,2025-11-27,2025-12-14,17,paid
INV-1164,CUST-194,38266.89,EUR,2026-04-15,2026-05-15,2026-05-16,1,paid
INV-1165,CUST-194,30755.86,EUR,2025-08-02,2025-09-01,2025-10-10,39,paid
INV-1166,CUST-194,30886.07,EUR,2026-03-15,2026-04-14,2026-05-13,29,paid
INV-1167,CUST-195,29130.71,EUR,2025-12-16,2026-01-15,2026-02-25,41,paid
INV-1168,CUST-195,38540.6,EUR,2026-06-26,2026-07-26,2026-08-08,13,paid
INV-1169,CUST-195,6179.92,EUR,2026-03-04,2026-04-03,2026-05-06,33,paid
INV-1170,CUST-195,22704.4,EUR,2025-11-26,2025-12-26,2026-01-28,33,paid
INV-1171,CUST-196,2875.84,EUR,2026-03-30,2026-04-29,2026-05-25,26,paid
INV-1172,CUST-196,20639.68,EUR,2025-10-23,2025-11-22,2025-11-22,0,paid
INV-1173,CUST-196,9401.68,EUR,2026-01-03,2026-02-02,2026-02-07,5,paid
INV-1174,CUST-196,36499.14,EUR,2025-10-03,2025-11-02,2025-11-16,14,paid
INV-1175,CUST-197,41331.19,EUR,2026-06-14,2026-07-14,2026-07-24,10,paid
INV-1176,CUST-197,3577.71,EUR,2026-02-13,2026-03-15,2026-04-24,40,paid
INV-1177,CUST-197,2031.98,EUR,2026-06-03,2026-07-03,2026-07-03,0,paid
INV-1178,CUST-197,36037.16,EUR,2025-09-22,2025-10-22,2025-11-12,21,paid
INV-1179,CUST-197,11724.19,EUR,2026-03-16,2026-04-15,2026-05-15,30,paid
INV-1180,CUST-197,43179.08,EUR,2026-03-22,2026-04-21,2026-04-24,3,paid
INV-1181,CUST-197,23769.64,EUR,2026-02-02,2026-03-04,2026-03-19,15,paid
INV-1182,CUST-198,28184.84,EUR,2025-09-18,2025-10-18,2025-10-24,6,paid
INV-1183,CUST-198,20533.36,EUR,2025-09-05,2025-10-05,2025-10-12,7,paid
INV-1184,CUST-198,43874.03,EUR,2026-06-09,2026-07-09,2026-07-21,12,paid
INV-1185,CUST-198,40141.7,EUR,2026-02-12,2026-03-14,2026-04-27,44,paid
INV-1186,CUST-199,3540.5,EUR,2026-05-18,2026-06-17,2026-06-18,1,paid
INV-1187,CUST-199,27794.65,EUR,2026-02-18,2026-03-20,2026-04-16,27,paid
INV-1188,CUST-199,5300.78,EUR,2026-06-19,2026-07-19,,23,overdue
INV-1189,CUST-199,13835.32,EUR,2026-06-26,2026-07-26,2026-07-29,3,paid
INV-1190,CUST-200,11103.55,EUR,2025-12-24,2026-01-23,2026-03-02,38,paid
INV-1191,CUST-200,28381.16,EUR,2025-08-19,2025-09-18,2025-10-17,29,paid
INV-1192,CUST-200,21318.04,EUR,2026-01-07,2026-02-06,2026-03-05,27,paid
INV-1193,CUST-200,28169.99,EUR,2025-09-08,2025-10-08,2025-10-29,21,paid
INV-1194,CUST-200,42241.25,EUR,2025-08-23,2025-09-22,2025-09-23,1,paid
INV-1195,CUST-200,23660.81,EUR,2025-12-02,2026-01-01,2026-02-07,37,paid
INV-1196,CUST-200,5573.89,EUR,2026-04-15,2026-05-15,2026-05-15,0,paid
INV-1197,CUST-200,32327.83,EUR,2025-09-21,2025-10-21,2025-11-27,37,paid
INV-1198,CUST-201,6368.39,EUR,2025-10-02,2025-11-01,2025-12-03,32,paid
INV-1199,CUST-201,16508.29,EUR,2026-03-13,2026-04-12,2026-05-12,30,paid
INV-1200,CUST-201,20452.39,EUR,2025-09-08,2025-10-08,2025-10-23,15,paid
INV-1201,CUST-201,36028.53,EUR,2026-05-13,2026-06-12,,60,overdue
INV-1202,CUST-201,26635.89,EUR,2026-02-13,2026-03-15,2026-04-16,32,paid
INV-1203,CUST-202,26598.03,EUR,2026-02-13,2026-03-15,2026-04-18,34,paid
INV-1204,CUST-202,7315.48,EUR,2026-05-09,2026-06-08,2026-06-27,19,paid
INV-1205,CUST-202,15956.19,EUR,2025-09-17,2025-10-17,2025-11-09,23,paid
INV-1206,CUST-202,23681.48,EUR,2026-07-18,2026-08-17,,0,open
INV-1207,CUST-202,30780.88,EUR,2025-08-20,2025-09-19,2025-09-22,3,paid
INV-1208,CUST-202,23214.17,EUR,2026-03-23,2026-04-22,2026-05-27,35,paid
INV-1209,CUST-203,15996.67,EUR,2025-12-18,2026-01-17,2026-01-29,12,paid
INV-1210,CUST-203,40955.71,EUR,2025-08-29,2025-09-28,2025-10-02,4,paid
INV-1211,CUST-203,9169.52,EUR,2026-01-29,2026-02-28,2026-03-30,30,paid
INV-1212,CUST-203,31379.37,EUR,2025-08-01,2025-08-31,2025-09-29,29,paid
INV-1213,CUST-204,15436.63,EUR,2025-08-02,2025-09-01,2025-10-08,37,paid
INV-1214,CUST-204,43367.47,EUR,2025-10-06,2025-11-05,2025-12-14,39,paid
INV-1215,CUST-204,19306.33,EUR,2026-02-19,2026-03-21,2026-03-31,10,paid
INV-1216,CUST-204,20880.15,EUR,2026-05-30,2026-06-29,2026-06-30,1,paid
INV-1217,CUST-204,10497.74,EUR,2025-11-11,2025-12-11,2025-12-11,0,paid
INV-1218,CUST-204,10657.71,EUR,2025-08-29,2025-09-28,2025-10-12,14,paid
INV-1219,CUST-204,28377.26,EUR,2025-11-26,2025-12-26,2026-01-10,15,paid
INV-1220,CUST-204,33268.71,EUR,2025-11-18,2025-12-18,2026-01-08,21,paid
INV-1221,CUST-205,18493.82,EUR,2026-04-08,2026-05-08,2026-05-08,0,paid
INV-1222,CUST-205,1237.23,EUR,2026-01-18,2026-02-17,2026-03-11,22,paid
INV-1223,CUST-205,25317.37,EUR,2026-07-07,2026-08-06,2026-08-09,3,paid
INV-1224,CUST-205,28704.99,EUR,2026-04-14,2026-05-14,2026-06-06,23,paid
INV-1225,CUST-205,43908.67,EUR,2026-06-30,2026-07-30,2026-08-03,4,paid
INV-1226,CUST-205,10477.37,EUR,2026-04-24,2026-05-24,2026-06-09,16,paid
INV-1227,CUST-205,15819.93,EUR,2026-04-24,2026-05-24,2026-06-28,35,paid
INV-1228,CUST-206,9462.65,EUR,2026-04-22,2026-05-22,2026-06-02,11,paid
INV-1229,CUST-206,41050.68,EUR,2026-03-10,2026-04-09,2026-04-10,1,paid
INV-1230,CUST-206,6866.16,EUR,2025-08-10,2025-09-09,2025-10-20,41,paid
INV-1231,CUST-206,15756.54,EUR,2026-05-27,2026-06-26,2026-07-10,14,paid
INV-1232,CUST-206,17138.12,EUR,2026-03-22,2026-04-21,2026-05-14,23,paid
INV-1233,CUST-207,43987.9,EUR,2025-10-26,2025-11-25,2026-01-03,39,paid
INV-1234,CUST-207,39624.74,EUR,2025-12-12,2026-01-11,2026-01-15,4,paid
INV-1235,CUST-207,7183.91,EUR,2026-05-23,2026-06-22,2026-07-17,25,paid
INV-1236,CUST-207,9272.31,EUR,2026-04-16,2026-05-16,2026-06-09,24,paid
INV-1237,CUST-207,17342.08,EUR,2025-08-01,2025-08-31,2025-10-08,38,paid
INV-1238,CUST-208,11609.09,EUR,2025-08-31,2025-09-30,2025-10-02,2,paid
INV-1239,CUST-208,26759.8,EUR,2025-09-10,2025-10-10,2025-11-13,34,paid
INV-1240,CUST-208,35699.78,EUR,2026-02-22,2026-03-24,2026-04-13,20,paid
INV-1241,CUST-208,3154.05,EUR,2026-03-18,2026-04-17,2026-05-04,17,paid
INV-1242,CUST-208,38436.42,EUR,2026-05-19,2026-06-18,2026-07-16,28,paid
INV-1243,CUST-208,10048.3,EUR,2025-11-14,2025-12-14,2025-12-19,5,paid
INV-1244,CUST-208,35762.08,EUR,2025-11-24,2025-12-24,2026-02-01,39,paid
INV-1245,CUST-209,23280.73,EUR,2026-04-28,2026-05-28,2026-07-08,41,paid
INV-1246,CUST-209,17342.56,EUR,2025-11-04,2025-12-04,2026-01-06,33,paid
INV-1247,CUST-209,8711.73,EUR,2025-11-27,2025-12-27,2026-02-10,45,paid
INV-1248,CUST-209,24026.02,EUR,2026-01-12,2026-02-11,2026-03-13,30,paid
INV-1249,CUST-210,12660.43,EUR,2025-11-22,2025-12-22,2026-01-16,25,paid
INV-1250,CUST-210,41516.39,EUR,2025-08-30,2025-09-29,2025-11-05,37,paid
INV-1251,CUST-210,2417.92,EUR,2025-08-24,2025-09-23,2025-10-07,14,paid
INV-1252,CUST-210,20781.94,EUR,2026-04-10,2026-05-10,2026-05-25,15,paid
INV-1253,CUST-210,10461.84,EUR,2026-01-01,2026-01-31,2026-02-27,27,paid
INV-1254,CUST-210,26054.57,EUR,2026-01-10,2026-02-09,2026-03-04,23,paid
INV-1255,CUST-210,25134.4,EUR,2026-03-14,2026-04-13,2026-04-21,8,paid
INV-1256,CUST-211,23731.88,EUR,2025-12-09,2026-01-08,2026-01-22,14,paid
INV-1257,CUST-211,21364.19,EUR,2026-04-01,2026-05-01,,102,overdue
INV-1258,CUST-211,28253.76,EUR,2026-04-24,2026-05-24,,79,overdue
INV-1259,CUST-211,19633.72,EUR,2026-05-06,2026-06-05,,67,overdue
INV-1260,CUST-212,18875.71,EUR,2025-12-13,2026-01-12,2026-02-12,31,paid
INV-1261,CUST-212,12867.46,EUR,2026-02-10,2026-03-12,2026-03-13,1,paid
INV-1262,CUST-212,20322.63,EUR,2026-04-22,2026-05-22,2026-06-07,16,paid
INV-1263,CUST-212,4154.27,EUR,2025-08-26,2025-09-25,2025-09-30,5,paid
INV-1264,CUST-212,38043.07,EUR,2026-02-22,2026-03-24,2026-04-25,32,paid
INV-1265,CUST-212,29249.52,EUR,2025-10-16,2025-11-15,2025-12-02,17,paid
INV-1266,CUST-212,5149.68,EUR,2026-03-28,2026-04-27,2026-05-01,4,paid
INV-1267,CUST-213,24934.35,EUR,2026-07-03,2026-08-02,2026-08-07,5,paid
INV-1268,CUST-213,14180.03,EUR,2026-03-16,2026-04-15,2026-05-28,43,paid
INV-1269,CUST-213,9226.4,EUR,2026-03-04,2026-04-03,2026-05-11,38,paid
INV-1270,CUST-213,44929.51,EUR,2026-05-13,2026-06-12,2026-07-05,23,paid
INV-1271,CUST-213,41127.31,EUR,2025-10-17,2025-11-16,2025-11-16,0,paid
INV-1272,CUST-213,13257.56,EUR,2026-02-19,2026-03-21,2026-04-12,22,paid
INV-1273,CUST-214,37126.27,EUR,2025-12-27,2026-01-26,2026-03-08,41,paid
INV-1274,CUST-214,21662.58,EUR,2026-07-16,2026-08-15,,0,open
INV-1275,CUST-214,44525.94,EUR,2025-11-02,2025-12-02,2025-12-11,9,paid
INV-1276,CUST-214,10858.97,EUR,2025-12-31,2026-01-30,2026-02-12,13,paid
INV-1277,CUST-214,11130.56,EUR,2025-11-22,2025-12-22,2026-01-28,37,paid
INV-1278,CUST-214,34286.86,EUR,2025-10-13,2025-11-12,2025-12-11,29,paid
INV-1279,CUST-214,35802.64,EUR,2026-01-29,2026-02-28,2026-03-20,20,paid
INV-1280,CUST-215,34839.79,EUR,2025-12-15,2026-01-14,2026-02-27,44,paid
INV-1281,CUST-215,10063.65,EUR,2025-12-21,2026-01-20,2026-02-17,28,paid
INV-1282,CUST-215,2130.6,EUR,2025-10-10,2025-11-09,2025-11-17,8,paid
INV-1283,CUST-215,39419.76,EUR,2025-09-30,2025-10-30,2025-11-18,19,paid
INV-1284,CUST-215,22891.17,EUR,2026-07-18,2026-08-17,,0,open
INV-1285,CUST-216,10766.69,EUR,2026-01-30,2026-03-01,2026-03-28,27,paid
INV-1286,CUST-216,34066.08,EUR,2025-08-05,2025-09-04,2025-10-18,44,paid
INV-1287,CUST-216,14043.96,EUR,2025-10-20,2025-11-19,2025-12-26,37,paid
INV-1288,CUST-216,25886.92,EUR,2026-07-11,2026-08-10,,1,overdue
INV-1289,CUST-216,7593.15,EUR,2026-05-12,2026-06-11,2026-07-02,21,paid
INV-1290,CUST-216,28638.9,EUR,2025-10-05,2025-11-04,2025-12-12,38,paid
INV-1291,CUST-217,39118.96,EUR,2025-10-02,2025-11-01,2025-11-25,24,paid
INV-1292,CUST-217,42732.22,EUR,2026-04-09,2026-05-09,2026-05-13,4,paid
INV-1293,CUST-217,17880.38,EUR,2025-10-22,2025-11-21,2025-12-21,30,paid
INV-1294,CUST-217,15334.79,EUR,2026-05-28,2026-06-27,2026-07-17,20,paid
INV-1295,CUST-217,4921.27,EUR,2026-02-17,2026-03-19,2026-03-25,6,paid
INV-1296,CUST-217,25238.48,EUR,2025-08-11,2025-09-10,2025-09-12,2,paid
INV-1297,CUST-217,27468.68,EUR,2025-08-04,2025-09-03,2025-09-04,1,paid
INV-1298,CUST-217,9595.74,EUR,2026-04-18,2026-05-18,2026-06-11,24,paid
INV-1299,CUST-218,11100.34,EUR,2026-04-08,2026-05-08,2026-06-19,42,paid
INV-1300,CUST-218,3893.09,EUR,2025-10-27,2025-11-26,2025-11-29,3,paid
INV-1301,CUST-218,23719.1,EUR,2026-01-15,2026-02-14,2026-02-24,10,paid
INV-1302,CUST-218,38799.06,EUR,2026-02-05,2026-03-07,2026-04-02,26,paid
INV-1303,CUST-218,7740.97,EUR,2026-01-03,2026-02-02,2026-02-09,7,paid
INV-1304,CUST-218,24511.22,EUR,2026-05-17,2026-06-16,2026-06-18,2,paid
INV-1305,CUST-219,6543.01,EUR,2026-04-08,2026-05-08,2026-05-21,13,paid
INV-1306,CUST-219,19903.27,EUR,2026-02-14,2026-03-16,2026-04-30,45,paid
INV-1307,CUST-219,21785.28,EUR,2025-08-16,2025-09-15,2025-10-23,38,paid
INV-1308,CUST-219,42310.62,EUR,2025-10-01,2025-10-31,2025-12-07,37,paid
INV-1309,CUST-219,23009.4,EUR,2026-04-10,2026-05-10,2026-06-22,43,paid
INV-1310,CUST-219,12974.49,EUR,2025-11-30,2025-12-30,2025-12-30,0,paid
INV-1311,CUST-219,20501.34,EUR,2026-05-10,2026-06-09,2026-07-04,25,paid
INV-1312,CUST-220,24042.86,EUR,2026-03-18,2026-04-17,2026-05-23,36,paid
INV-1313,CUST-220,21141.04,EUR,2025-11-13,2025-12-13,2026-01-18,36,paid
INV-1314,CUST-220,33388.25,EUR,2026-07-02,2026-08-01,2026-08-08,7,paid
INV-1315,CUST-220,31753.99,EUR,2026-01-26,2026-02-25,2026-04-11,45,paid
INV-1316,CUST-220,18086.19,EUR,2026-02-20,2026-03-22,2026-04-02,11,paid
INV-1317,CUST-220,11811.76,EUR,2025-12-22,2026-01-21,2026-03-01,39,paid
INV-1318,CUST-220,21036.0,EUR,2025-12-13,2026-01-12,2026-02-23,42,paid
INV-1319,CUST-220,31674.67,EUR,2026-04-20,2026-05-20,2026-05-26,6,paid
INV-1320,CUST-221,42599.38,EUR,2025-07-30,2025-08-29,2025-09-13,15,paid
INV-1321,CUST-221,12900.91,EUR,2026-05-03,2026-06-02,2026-07-12,40,paid
INV-1322,CUST-221,13701.52,EUR,2025-10-20,2025-11-19,2025-11-23,4,paid
INV-1323,CUST-221,32912.97,EUR,2025-07-30,2025-08-29,2025-09-11,13,paid
INV-1324,CUST-221,18978.49,EUR,2025-11-12,2025-12-12,2026-01-16,35,paid
INV-1325,CUST-221,44792.98,EUR,2026-05-21,2026-06-20,,52,overdue
INV-1326,CUST-221,23094.25,EUR,2026-05-30,2026-06-29,2026-07-12,13,paid
INV-1327,CUST-222,11972.28,EUR,2026-04-29,2026-05-29,2026-06-30,32,paid
INV-1328,CUST-222,21227.8,EUR,2026-06-30,2026-07-30,,12,overdue
INV-1329,CUST-222,30662.5,EUR,2025-08-01,2025-08-31,2025-09-29,29,paid
INV-1330,CUST-222,15989.67,EUR,2026-01-08,2026-02-07,2026-03-04,25,paid
INV-1331,CUST-222,18333.01,EUR,2026-04-14,2026-05-14,2026-05-14,0,paid
INV-1332,CUST-222,5868.98,EUR,2026-03-16,2026-04-15,2026-04-23,8,paid
INV-1333,CUST-222,30427.06,EUR,2026-02-05,2026-03-07,2026-04-05,29,paid
INV-1334,CUST-223,3816.08,EUR,2025-11-28,2025-12-28,2026-02-01,35,paid
INV-1335,CUST-223,11509.38,EUR,2025-08-20,2025-09-19,2025-10-17,28,paid
INV-1336,CUST-223,21608.82,EUR,2026-05-12,2026-06-11,2026-06-28,17,paid
INV-1337,CUST-223,8340.04,EUR,2026-05-01,2026-05-31,2026-06-01,1,paid
INV-1338,CUST-223,5242.77,EUR,2025-09-15,2025-10-15,2025-11-02,18,paid
INV-1339,CUST-223,24431.7,EUR,2026-05-20,2026-06-19,2026-06-21,2,paid
INV-1340,CUST-223,34550.64,EUR,2025-08-13,2025-09-12,2025-10-25,43,paid
INV-1341,CUST-224,20277.08,EUR,2026-05-05,2026-06-04,2026-06-15,11,paid
INV-1342,CUST-224,32377.02,EUR,2026-04-03,2026-05-03,2026-06-15,43,paid
INV-1343,CUST-224,10354.56,EUR,2025-10-23,2025-11-22,2026-01-05,44,paid
INV-1344,CUST-224,37773.35,EUR,2026-06-28,2026-07-28,2026-08-07,10,paid
INV-1345,CUST-224,32465.34,EUR,2025-08-17,2025-09-16,2025-09-22,6,paid
INV-1346,CUST-224,31313.32,EUR,2026-01-04,2026-02-03,2026-03-03,28,paid
INV-1347,CUST-225,1006.23,EUR,2025-09-19,2025-10-19,2025-11-12,24,paid
INV-1348,CUST-225,41853.87,EUR,2026-04-10,2026-05-10,2026-06-02,23,paid
INV-1349,CUST-225,9639.37,EUR,2026-03-22,2026-04-21,2026-04-22,1,paid
INV-1350,CUST-225,2035.13,EUR,2025-12-19,2026-01-18,2026-01-18,0,paid
INV-1351,CUST-226,30854.21,EUR,2026-04-15,2026-05-15,2026-05-19,4,paid
INV-1352,CUST-226,43176.54,EUR,2026-04-01,2026-05-01,2026-05-07,6,paid
INV-1353,CUST-226,8220.42,EUR,2025-08-16,2025-09-15,2025-09-25,10,paid
INV-1354,CUST-226,19173.06,EUR,2026-06-30,2026-07-30,,12,overdue
INV-1355,CUST-226,15062.44,EUR,2026-02-05,2026-03-07,2026-04-16,40,paid
INV-1356,CUST-226,28410.56,EUR,2026-04-16,2026-05-16,2026-06-19,34,paid
INV-1357,CUST-227,6139.54,EUR,2025-12-15,2026-01-14,2026-01-27,13,paid
INV-1358,CUST-227,16560.67,EUR,2026-05-29,2026-06-28,2026-07-10,12,paid
INV-1359,CUST-227,14777.82,EUR,2025-08-22,2025-09-21,2025-10-15,24,paid
INV-1360,CUST-227,21077.9,EUR,2026-04-05,2026-05-05,2026-05-09,4,paid
INV-1361,CUST-227,36826.75,EUR,2025-08-20,2025-09-19,2025-10-30,41,paid
INV-1362,CUST-227,17108.91,EUR,2025-09-06,2025-10-06,2025-10-10,4,paid
INV-1363,CUST-227,18970.48,EUR,2026-04-02,2026-05-02,2026-06-09,38,paid
INV-1364,CUST-228,32293.88,EUR,2026-05-31,2026-06-30,2026-07-29,29,paid
INV-1365,CUST-228,8378.49,EUR,2025-10-04,2025-11-03,2025-11-09,6,paid
INV-1366,CUST-228,15136.46,EUR,2025-09-18,2025-10-18,2025-11-27,40,paid
INV-1367,CUST-228,17974.59,EUR,2025-07-31,2025-08-30,2025-10-13,44,paid
INV-1368,CUST-228,15476.46,EUR,2026-05-15,2026-06-14,2026-07-12,28,paid
INV-1369,CUST-228,14854.14,EUR,2025-08-04,2025-09-03,2025-10-15,42,paid
INV-1370,CUST-228,3784.1,EUR,2025-11-18,2025-12-18,2025-12-19,1,paid
INV-1371,CUST-229,20641.89,EUR,2025-09-26,2025-10-26,2025-11-27,32,paid
INV-1372,CUST-229,33588.18,EUR,2025-08-29,2025-09-28,2025-10-30,32,paid
INV-1373,CUST-229,31944.61,EUR,2025-09-25,2025-10-25,2025-10-25,0,paid
INV-1374,CUST-229,1737.63,EUR,2026-03-25,2026-04-24,2026-05-01,7,paid
INV-1375,CUST-229,11248.72,EUR,2026-02-14,2026-03-16,2026-04-12,27,paid
INV-1376,CUST-229,28193.67,EUR,2026-03-20,2026-04-19,2026-04-22,3,paid
INV-1377,CUST-229,17353.94,EUR,2026-05-13,2026-06-12,2026-06-16,4,paid
INV-1378,CUST-229,9833.83,EUR,2026-01-11,2026-02-10,2026-02-12,2,paid
INV-1379,CUST-230,44493.97,EUR,2025-09-19,2025-10-19,2025-11-16,28,paid
INV-1380,CUST-230,6734.6,EUR,2026-02-04,2026-03-06,2026-03-26,20,paid
INV-1381,CUST-230,35584.11,EUR,2025-08-27,2025-09-26,2025-09-28,2,paid
INV-1382,CUST-230,35796.67,EUR,2025-10-29,2025-11-28,2025-12-24,26,paid
INV-1383,CUST-230,36721.81,EUR,2025-08-25,2025-09-24,2025-09-25,1,paid
INV-1384,CUST-231,15948.6,EUR,2026-02-03,2026-03-05,2026-03-18,13,paid
INV-1385,CUST-231,3190.07,EUR,2025-10-19,2025-11-18,2025-12-30,42,paid
INV-1386,CUST-231,36224.17,EUR,2026-03-17,2026-04-16,2026-05-30,44,paid
INV-1387,CUST-231,27676.39,EUR,2026-03-31,2026-04-30,2026-05-24,24,paid
INV-1388,CUST-231,15016.36,EUR,2025-10-29,2025-11-28,2025-12-26,28,paid
INV-1389,CUST-232,39248.11,EUR,2026-04-10,2026-05-10,2026-06-26,47,paid
INV-1390,CUST-232,28839.02,EUR,2026-04-17,2026-05-17,2026-07-05,49,paid
INV-1391,CUST-232,4855.77,EUR,2026-03-10,2026-04-09,,51,overdue
INV-1392,CUST-232,19639.8,EUR,2026-04-03,2026-05-03,,59,overdue
INV-1393,CUST-233,19541.54,EUR,2026-03-19,2026-04-18,2026-05-26,38,paid
INV-1394,CUST-233,14197.05,EUR,2026-03-17,2026-04-16,2026-05-22,36,paid
INV-1395,CUST-233,43573.48,EUR,2025-12-05,2026-01-04,2026-01-16,12,paid
INV-1396,CUST-233,38919.21,EUR,2026-03-05,2026-04-04,2026-05-04,30,paid
INV-1397,CUST-233,42834.78,EUR,2026-06-12,2026-07-12,2026-07-24,12,paid
INV-1398,CUST-234,20308.82,EUR,2025-11-23,2025-12-23,2026-01-24,32,paid
INV-1399,CUST-234,33283.82,EUR,2025-09-13,2025-10-13,2025-10-22,9,paid
INV-1400,CUST-234,1675.65,EUR,2025-11-18,2025-12-18,2026-01-11,24,paid
INV-1401,CUST-234,38548.67,EUR,2025-12-16,2026-01-15,2026-02-03,19,paid
INV-1402,CUST-234,24544.14,EUR,2025-09-21,2025-10-21,2025-11-25,35,paid
INV-1403,CUST-235,17615.9,EUR,2026-03-13,2026-04-12,2026-05-01,19,paid
INV-1404,CUST-235,13318.58,EUR,2025-12-02,2026-01-01,2026-02-05,35,paid
INV-1405,CUST-235,22053.32,EUR,2025-09-15,2025-10-15,2025-11-05,21,paid
INV-1406,CUST-235,32396.96,EUR,2026-05-14,2026-06-13,2026-07-12,29,paid
INV-1407,CUST-235,984.78,EUR,2026-04-16,2026-05-16,2026-06-17,32,paid
INV-1408,CUST-236,18681.34,EUR,2025-11-13,2025-12-13,2026-01-08,26,paid
INV-1409,CUST-236,43695.77,EUR,2026-01-01,2026-01-31,2026-02-23,23,paid
INV-1410,CUST-236,22438.16,EUR,2026-01-07,2026-02-06,2026-03-19,41,paid
INV-1411,CUST-236,3948.56,EUR,2025-09-24,2025-10-24,2025-10-26,2,paid
INV-1412,CUST-236,17809.31,EUR,2026-05-20,2026-06-19,2026-06-25,6,paid
INV-1413,CUST-236,43103.68,EUR,2025-12-11,2026-01-10,2026-02-01,22,paid
INV-1414,CUST-237,28866.1,EUR,2025-11-14,2025-12-14,2026-01-06,23,paid
INV-1415,CUST-237,3350.54,EUR,2025-07-31,2025-08-30,2025-09-23,24,paid
INV-1416,CUST-237,33316.36,EUR,2025-12-17,2026-01-16,2026-01-31,15,paid
INV-1417,CUST-237,2325.23,EUR,2025-11-20,2025-12-20,2026-01-12,23,paid
INV-1418,CUST-237,32029.91,EUR,2025-09-02,2025-10-02,2025-10-03,1,paid
INV-1419,CUST-237,30222.86,EUR,2025-07-30,2025-08-29,2025-09-07,9,paid
INV-1420,CUST-237,27560.26,EUR,2026-03-11,2026-04-10,2026-05-23,43,paid
INV-1421,CUST-237,12039.53,EUR,2026-05-08,2026-06-07,2026-07-15,38,paid
INV-1422,CUST-238,37995.0,EUR,2025-08-17,2025-09-16,2025-09-16,0,paid
INV-1423,CUST-238,34876.97,EUR,2026-05-24,2026-06-23,2026-07-22,29,paid
INV-1424,CUST-238,18376.88,EUR,2026-01-07,2026-02-06,2026-03-15,37,paid
INV-1425,CUST-238,23719.34,EUR,2026-06-11,2026-07-11,2026-07-24,13,paid
INV-1426,CUST-238,37474.93,EUR,2026-04-29,2026-05-29,2026-06-14,16,paid
INV-1427,CUST-238,14158.1,EUR,2025-08-02,2025-09-01,2025-10-05,34,paid
INV-1428,CUST-238,39989.97,EUR,2025-08-19,2025-09-18,2025-10-25,37,paid
INV-1429,CUST-238,33239.86,EUR,2026-02-15,2026-03-17,2026-03-22,5,paid
INV-1430,CUST-239,26109.44,EUR,2025-08-31,2025-09-30,2025-10-22,22,paid
INV-1431,CUST-239,12690.74,EUR,2026-05-10,2026-06-09,2026-06-22,13,paid
INV-1432,CUST-239,31696.2,EUR,2025-12-31,2026-01-30,2026-01-30,0,paid
INV-1433,CUST-239,36884.41,EUR,2026-04-27,2026-05-27,2026-05-27,0,paid
INV-1434,CUST-240,34999.47,EUR,2026-06-17,2026-07-17,2026-07-30,13,paid
INV-1435,CUST-240,13544.64,EUR,2025-08-21,2025-09-20,2025-10-17,27,paid
INV-1436,CUST-240,8596.94,EUR,2026-04-26,2026-05-26,2026-06-06,11,paid
INV-1437,CUST-240,6737.48,EUR,2025-07-27,2025-08-26,2025-09-26,31,paid
INV-1438,CUST-241,42722.96,EUR,2025-11-07,2025-12-07,2026-01-04,28,paid
INV-1439,CUST-241,36795.17,EUR,2025-10-05,2025-11-04,2025-11-15,11,paid
INV-1440,CUST-241,3407.01,EUR,2026-04-11,2026-05-11,2026-05-22,11,paid
INV-1441,CUST-241,12263.35,EUR,2026-04-15,2026-05-15,2026-06-10,26,paid
INV-1442,CUST-241,28506.21,EUR,2025-12-09,2026-01-08,2026-02-16,39,paid
INV-1443,CUST-242,8142.78,EUR,2025-08-31,2025-09-30,2025-10-18,18,paid
INV-1444,CUST-242,17495.6,EUR,2026-06-09,2026-07-09,2026-07-19,10,paid
INV-1445,CUST-242,26685.57,EUR,2026-07-07,2026-08-06,2026-08-11,5,paid
INV-1446,CUST-242,1220.19,EUR,2026-06-01,2026-07-01,2026-07-31,30,paid
INV-1447,CUST-243,26544.09,EUR,2025-08-16,2025-09-15,2025-09-17,2,paid
INV-1448,CUST-243,10129.22,EUR,2026-06-03,2026-07-03,2026-07-15,12,paid
INV-1449,CUST-243,23787.28,EUR,2025-09-17,2025-10-17,2025-11-03,17,paid
INV-1450,CUST-243,21716.84,EUR,2025-11-16,2025-12-16,2026-01-06,21,paid
INV-1451,CUST-244,15675.52,EUR,2025-12-15,2026-01-14,2026-02-26,43,paid
INV-1452,CUST-244,44975.47,EUR,2026-01-28,2026-02-27,2026-03-14,15,paid
INV-1453,CUST-244,30196.46,EUR,2026-01-19,2026-02-18,2026-03-14,24,paid
INV-1454,CUST-244,3330.08,EUR,2025-09-13,2025-10-13,2025-11-04,22,paid
INV-1455,CUST-244,36437.14,EUR,2026-02-03,2026-03-05,2026-03-05,0,paid
INV-1456,CUST-244,39277.93,EUR,2025-12-01,2025-12-31,2026-01-25,25,paid
INV-1457,CUST-244,1935.07,EUR,2026-05-12,2026-06-11,2026-06-18,7,paid
INV-1458,CUST-244,13152.46,EUR,2025-10-24,2025-11-23,2026-01-06,44,paid
INV-1459,CUST-245,20774.78,EUR,2026-01-15,2026-02-14,2026-03-29,43,paid
INV-1460,CUST-245,39247.51,EUR,2025-08-19,2025-09-18,2025-10-20,32,paid
INV-1461,CUST-245,29982.1,EUR,2025-12-23,2026-01-22,2026-01-22,0,paid
INV-1462,CUST-245,43123.58,EUR,2025-08-30,2025-09-29,2025-10-19,20,paid
INV-1463,CUST-245,28812.96,EUR,2026-07-14,2026-08-13,,0,open
INV-1464,CUST-246,30764.48,EUR,2025-11-28,2025-12-28,,52,overdue
INV-1465,CUST-246,33472.84,EUR,2025-10-21,2025-11-20,,47,overdue
INV-1466,CUST-246,44419.72,EUR,2025-09-12,2025-10-12,2025-11-29,48,paid
INV-1467,CUST-246,27637.08,EUR,2025-12-14,2026-01-13,2026-03-03,49,paid
INV-1468,CUST-247,2203.16,EUR,2025-11-06,2025-12-06,2026-01-06,31,paid
INV-1469,CUST-247,14119.6,EUR,2026-06-08,2026-07-08,2026-07-25,17,paid
INV-1470,CUST-247,8227.94,EUR,2025-11-25,2025-12-25,2026-01-22,28,paid
INV-1471,CUST-247,22111.85,EUR,2026-05-24,2026-06-23,2026-06-30,7,paid
INV-1472,CUST-247,8333.14,EUR,2026-04-05,2026-05-05,2026-06-16,42,paid
INV-1473,CUST-247,4752.89,EUR,2025-07-29,2025-08-28,2025-09-24,27,paid
INV-1474,CUST-247,7882.4,EUR,2026-07-08,2026-08-07,2026-08-10,3,paid
INV-1475,CUST-247,10540.62,EUR,2026-03-01,2026-03-31,2026-04-16,16,paid
INV-1476,CUST-248,6240.94,EUR,2025-08-13,2025-09-12,2025-09-20,8,paid
INV-1477,CUST-248,28802.83,EUR,2025-10-22,2025-11-21,2025-12-22,31,paid
INV-1478,CUST-248,35962.89,EUR,2026-06-06,2026-07-06,2026-07-13,7,paid
INV-1479,CUST-248,34672.11,EUR,2025-10-01,2025-10-31,2025-12-08,38,paid
INV-1480,CUST-248,29264.21,EUR,2026-06-19,2026-07-19,2026-08-10,22,paid
INV-1481,CUST-248,29703.25,EUR,2026-01-08,2026-02-07,2026-03-14,35,paid
INV-1482,CUST-248,36533.38,EUR,2025-12-11,2026-01-10,2026-01-24,14,paid
INV-1483,CUST-249,13661.16,EUR,2026-05-24,2026-06-23,2026-07-03,10,paid
INV-1484,CUST-249,42224.71,EUR,2025-09-22,2025-10-22,2025-10-29,7,paid
INV-1485,CUST-249,17053.98,EUR,2025-10-02,2025-11-01,2025-11-21,20,paid
INV-1486,CUST-249,26299.72,EUR,2026-01-09,2026-02-08,2026-02-08,0,paid
INV-1487,CUST-249,3535.31,EUR,2026-02-13,2026-03-15,2026-04-18,34,paid
INV-1488,CUST-249,38242.64,EUR,2026-04-16,2026-05-16,2026-06-12,27,paid
INV-1489,CUST-250,36050.3,EUR,2026-01-17,2026-02-16,2026-02-24,8,paid
INV-1490,CUST-250,30137.43,EUR,2025-10-29,2025-11-28,2026-01-04,37,paid
INV-1491,CUST-250,5511.1,EUR,2026-03-31,2026-04-30,2026-04-30,0,paid
INV-1492,CUST-250,38474.4,EUR,2025-10-20,2025-11-19,2025-12-09,20,paid
INV-1493,CUST-250,36873.74,EUR,2026-05-09,2026-06-08,2026-06-26,18,paid
INV-1494,CUST-250,22892.6,EUR,2026-04-01,2026-05-01,2026-05-30,29,paid
INV-1495,CUST-251,7247.48,EUR,2025-12-19,2026-01-18,,46,overdue
INV-1496,CUST-251,23005.11,EUR,2025-12-06,2026-01-05,,48,overdue
INV-1497,CUST-251,28693.61,EUR,2025-09-11,2025-10-11,,51,overdue
INV-1498,CUST-251,3399.52,EUR,2025-11-02,2025-12-02,,55,overdue
INV-1499,CUST-251,38284.69,EUR,2026-01-26,2026-02-25,2026-04-18,52,paid
INV-1500,CUST-252,38669.62,EUR,2026-04-22,2026-05-22,2026-06-16,25,paid
INV-1501,CUST-252,44310.02,EUR,2026-02-19,2026-03-21,2026-05-02,42,paid
INV-1502,CUST-252,44604.99,EUR,2026-05-02,2026-06-01,2026-07-06,35,paid
INV-1503,CUST-252,15713.53,EUR,2026-01-03,2026-02-02,2026-03-17,43,paid
INV-1504,CUST-253,34290.97,EUR,2026-01-25,2026-02-24,2026-03-21,25,paid
INV-1505,CUST-253,24130.72,EUR,2026-06-16,2026-07-16,2026-08-07,22,paid
INV-1506,CUST-253,31789.0,EUR,2026-04-14,2026-05-14,2026-06-18,35,paid
INV-1507,CUST-253,5101.52,EUR,2026-01-02,2026-02-01,2026-02-21,20,paid
INV-1508,CUST-253,39070.81,EUR,2025-09-28,2025-10-28,2025-10-31,3,paid
INV-1509,CUST-253,21022.94,EUR,2026-02-17,2026-03-19,2026-03-29,10,paid
INV-1510,CUST-253,6880.19,EUR,2025-09-30,2025-10-30,2025-12-13,44,paid
INV-1511,CUST-254,40457.04,EUR,2026-02-23,2026-03-25,2026-04-07,13,paid
INV-1512,CUST-254,36352.64,EUR,2026-04-02,2026-05-02,2026-05-14,12,paid
INV-1513,CUST-254,1203.66,EUR,2025-08-23,2025-09-22,2025-10-28,36,paid
INV-1514,CUST-254,30781.65,EUR,2026-05-31,2026-06-30,2026-07-04,4,paid
INV-1515,CUST-254,42807.6,EUR,2026-01-11,2026-02-10,2026-03-09,27,paid
INV-1516,CUST-254,38001.38,EUR,2025-08-09,2025-09-08,2025-09-11,3,paid
INV-1517,CUST-254,16516.81,EUR,2026-06-03,2026-07-03,2026-08-02,30,paid
INV-1518,CUST-255,44128.23,EUR,2026-05-23,2026-06-22,2026-07-10,18,paid
INV-1519,CUST-255,43661.93,EUR,2025-12-12,2026-01-11,2026-02-20,40,paid
INV-1520,CUST-255,11629.04,EUR,2025-12-28,2026-01-27,2026-02-03,7,paid
INV-1521,CUST-255,18331.7,EUR,2026-03-21,2026-04-20,2026-05-09,19,paid
INV-1522,CUST-256,33737.85,EUR,2026-01-09,2026-02-08,2026-02-28,20,paid
INV-1523,CUST-256,35175.7,EUR,2025-08-08,2025-09-07,2025-09-09,2,paid
INV-1524,CUST-256,17688.86,EUR,2025-07-28,2025-08-27,2025-09-16,20,paid
INV-1525,CUST-256,20474.23,EUR,2025-09-14,2025-10-14,2025-11-03,20,paid
INV-1526,CUST-256,5954.94,EUR,2026-02-20,2026-03-22,2026-03-25,3,paid
INV-1527,CUST-256,30360.62,EUR,2026-03-28,2026-04-27,,106,overdue
INV-1528,CUST-256,23330.88,EUR,2026-04-07,2026-05-07,,96,overdue
INV-1529,CUST-256,1817.78,EUR,2026-05-01,2026-05-31,,72,overdue
INV-1530,CUST-257,21993.83,EUR,2025-10-02,2025-11-01,2025-12-15,44,paid
INV-1531,CUST-257,35909.99,EUR,2026-06-04,2026-07-04,2026-07-19,15,paid
INV-1532,CUST-257,31860.97,EUR,2025-08-26,2025-09-25,2025-10-14,19,paid
INV-1533,CUST-257,6335.45,EUR,2025-10-03,2025-11-02,2025-11-22,20,paid
INV-1534,CUST-257,32348.55,EUR,2026-06-20,2026-07-20,2026-08-06,17,paid
INV-1535,CUST-257,18715.61,EUR,2026-04-19,2026-05-19,2026-07-02,44,paid
INV-1536,CUST-257,18205.81,EUR,2026-07-12,2026-08-11,,0,open
INV-1537,CUST-257,35429.58,EUR,2025-10-21,2025-11-20,2025-12-23,33,paid
INV-1538,CUST-258,23735.43,EUR,2026-06-20,2026-07-20,2026-08-11,22,paid
INV-1539,CUST-258,6284.75,EUR,2025-08-23,2025-09-22,2025-10-05,13,paid
INV-1540,CUST-258,40474.02,EUR,2025-08-19,2025-09-18,2025-09-29,11,paid
INV-1541,CUST-258,31528.54,EUR,2025-09-19,2025-10-19,2025-10-19,0,paid
INV-1542,CUST-258,20567.69,EUR,2025-10-11,2025-11-10,2025-11-30,20,paid
INV-1543,CUST-258,2530.13,EUR,2026-05-21,2026-06-20,2026-07-10,20,paid
INV-1544,CUST-258,4681.69,EUR,2026-05-01,2026-05-31,2026-06-16,16,paid
INV-1545,CUST-259,44112.84,EUR,2026-06-09,2026-07-09,2026-07-20,11,paid
INV-1546,CUST-259,8384.86,EUR,2025-10-17,2025-11-16,2025-12-28,42,paid
INV-1547,CUST-259,11776.5,EUR,2026-07-22,2026-08-21,,0,open
INV-1548,CUST-259,42622.69,EUR,2026-06-29,2026-07-29,2026-08-10,12,paid
INV-1549,CUST-260,24407.33,EUR,2025-08-19,2025-09-18,2025-09-26,8,paid
INV-1550,CUST-260,22477.57,EUR,2025-09-30,2025-10-30,2025-11-19,20,paid
INV-1551,CUST-260,41056.62,EUR,2025-10-28,2025-11-27,2025-12-19,22,paid
INV-1552,CUST-260,24588.86,EUR,2025-09-15,2025-10-15,2025-10-28,13,paid
INV-1553,CUST-260,5176.2,EUR,2025-08-04,2025-09-03,2025-09-05,2,paid
INV-1554,CUST-260,2423.64,EUR,2026-03-23,2026-04-22,2026-05-01,9,paid
INV-1555,CUST-261,43118.09,EUR,2026-04-03,2026-05-03,2026-06-10,38,paid
INV-1556,CUST-261,10348.97,EUR,2025-10-13,2025-11-12,2025-12-04,22,paid
INV-1557,CUST-261,6479.35,EUR,2026-03-02,2026-04-01,2026-05-10,39,paid
INV-1558,CUST-261,4086.7,EUR,2025-12-18,2026-01-17,2026-02-02,16,paid
INV-1559,CUST-261,17674.78,EUR,2026-03-11,2026-04-10,2026-04-20,10,paid
INV-1560,CUST-261,20958.19,EUR,2025-12-30,2026-01-29,2026-02-14,16,paid
INV-1561,CUST-262,7131.38,EUR,2025-08-01,2025-08-31,2025-09-13,13,paid
INV-1562,CUST-262,28626.91,EUR,2026-06-16,2026-07-16,2026-08-05,20,paid
INV-1563,CUST-262,29334.25,EUR,2025-07-31,2025-08-30,2025-10-14,45,paid
INV-1564,CUST-262,25712.98,EUR,2026-01-13,2026-02-12,2026-03-25,41,paid
INV-1565,CUST-262,27538.56,EUR,2025-11-03,2025-12-03,2025-12-29,26,paid
INV-1566,CUST-262,14783.13,EUR,2026-05-05,2026-06-04,2026-07-01,27,paid
INV-1567,CUST-262,1945.22,EUR,2026-01-09,2026-02-08,2026-03-18,38,paid
INV-1568,CUST-263,12739.54,EUR,2026-06-13,2026-07-13,2026-08-03,21,paid
INV-1569,CUST-263,18779.73,EUR,2025-10-15,2025-11-14,2025-12-05,21,paid
INV-1570,CUST-263,4732.66,EUR,2025-08-29,2025-09-28,2025-10-19,21,paid
INV-1571,CUST-263,7267.77,EUR,2026-03-05,2026-04-04,2026-04-18,14,paid
INV-1572,CUST-263,1235.96,EUR,2026-03-04,2026-04-03,2026-04-27,24,paid
INV-1573,CUST-264,42868.8,EUR,2026-01-10,2026-02-09,2026-02-16,7,paid
INV-1574,CUST-264,24070.22,EUR,2026-04-24,2026-05-24,2026-06-12,19,paid
INV-1575,CUST-264,37103.37,EUR,2025-09-24,2025-10-24,2025-11-24,31,paid
INV-1576,CUST-264,24180.04,EUR,2026-06-04,2026-07-04,2026-07-31,27,paid
INV-1577,CUST-264,25178.17,EUR,2026-02-28,2026-03-30,2026-05-07,38,paid
INV-1578,CUST-265,8347.04,EUR,2026-06-28,2026-07-28,2026-08-03,6,paid
INV-1579,CUST-265,16056.64,EUR,2026-04-21,2026-05-21,2026-07-03,43,paid
INV-1580,CUST-265,25183.89,EUR,2025-10-23,2025-11-22,2025-12-17,25,paid
INV-1581,CUST-265,26980.11,EUR,2025-11-20,2025-12-20,2026-01-05,16,paid
INV-1582,CUST-266,23499.59,EUR,2025-08-05,2025-09-04,2025-09-13,9,paid
INV-1583,CUST-266,6385.48,EUR,2025-08-20,2025-09-19,2025-10-13,24,paid
INV-1584,CUST-266,33305.67,EUR,2025-10-05,2025-11-04,2025-11-07,3,paid
INV-1585,CUST-266,43872.89,EUR,2025-08-29,2025-09-28,2025-11-12,45,paid
INV-1586,CUST-267,27704.67,EUR,2025-08-09,2025-09-08,2025-10-23,45,paid
INV-1587,CUST-267,8893.22,EUR,2025-11-30,2025-12-30,2026-01-21,22,paid
INV-1588,CUST-267,22998.53,EUR,2025-11-25,2025-12-25,2026-01-11,17,paid
INV-1589,CUST-267,23810.28,EUR,2025-12-15,2026-01-14,2026-02-28,45,paid
INV-1590,CUST-267,14289.28,EUR,2026-03-27,2026-04-26,2026-05-01,5,paid
INV-1591,CUST-268,34859.57,EUR,2025-12-26,2026-01-25,2026-01-30,5,paid
INV-1592,CUST-268,4312.79,EUR,2025-09-01,2025-10-01,2025-10-16,15,paid
INV-1593,CUST-268,8098.0,EUR,2026-06-05,2026-07-05,,37,overdue
INV-1594,CUST-268,25293.86,EUR,2026-02-26,2026-03-28,2026-04-28,31,paid
INV-1595,CUST-268,43327.75,EUR,2026-07-17,2026-08-16,,0,open
INV-1596,CUST-268,30724.86,EUR,2025-12-17,2026-01-16,2026-01-24,8,paid
INV-1597,CUST-269,23563.51,EUR,2025-11-10,2025-12-10,2026-01-22,43,paid
INV-1598,CUST-269,31646.38,EUR,2025-10-23,2025-11-22,2025-12-17,25,paid
INV-1599,CUST-269,28039.87,EUR,2026-07-15,2026-08-14,,0,open
INV-1600,CUST-269,32365.88,EUR,2026-07-19,2026-08-18,,0,open
INV-1601,CUST-269,24417.16,EUR,2025-07-28,2025-08-27,2025-09-18,22,paid
INV-1602,CUST-269,44744.61,EUR,2026-03-19,2026-04-18,2026-05-30,42,paid
INV-1603,CUST-269,31036.25,EUR,2025-10-25,2025-11-24,2025-11-26,2,paid
INV-1604,CUST-270,43437.41,EUR,2025-12-05,2026-01-04,2026-02-16,43,paid
INV-1605,CUST-270,40747.9,EUR,2025-10-27,2025-11-26,2025-12-07,11,paid
INV-1606,CUST-270,17023.65,EUR,2026-06-14,2026-07-14,2026-07-25,11,paid
INV-1607,CUST-270,19484.32,EUR,2026-06-26,2026-07-26,2026-08-06,11,paid
INV-1608,CUST-270,15737.77,EUR,2026-05-26,2026-06-25,2026-07-21,26,paid
INV-1609,CUST-270,38404.35,EUR,2025-10-19,2025-11-18,2025-11-25,7,paid
INV-1610,CUST-270,14023.67,EUR,2026-02-24,2026-03-26,2026-04-13,18,paid
INV-1611,CUST-270,10217.51,EUR,2026-03-09,2026-04-08,2026-05-18,40,paid
INV-1612,CUST-271,10411.87,EUR,2026-01-02,2026-02-01,2026-02-20,19,paid
INV-1613,CUST-271,23586.38,EUR,2025-08-27,2025-09-26,2025-09-28,2,paid
INV-1614,CUST-271,40248.23,EUR,2025-11-27,2025-12-27,2026-01-27,31,paid
INV-1615,CUST-271,16523.89,EUR,2026-06-23,2026-07-23,2026-08-02,10,paid
INV-1616,CUST-271,16442.06,EUR,2026-02-20,2026-03-22,2026-03-22,0,paid
INV-1617,CUST-271,40146.68,EUR,2026-01-24,2026-02-23,2026-03-06,11,paid
INV-1618,CUST-271,16470.33,EUR,2025-12-29,2026-01-28,2026-02-03,6,paid
INV-1619,CUST-271,22548.44,EUR,2025-12-14,2026-01-13,2026-01-18,5,paid
INV-1620,CUST-272,40514.14,EUR,2025-11-01,2025-12-01,2025-12-27,26,paid
INV-1621,CUST-272,41159.42,EUR,2026-05-20,2026-06-19,,53,overdue
INV-1622,CUST-272,11855.96,EUR,2025-08-20,2025-09-19,2025-10-19,30,paid
INV-1623,CUST-272,17344.48,EUR,2026-01-01,2026-01-31,2026-02-23,23,paid
INV-1624,CUST-272,40234.95,EUR,2025-12-15,2026-01-14,2026-02-17,34,paid
INV-1625,CUST-272,5604.32,EUR,2026-03-07,2026-04-06,2026-05-04,28,paid
INV-1626,CUST-272,37899.6,EUR,2025-08-20,2025-09-19,2025-09-29,10,paid
INV-1627,CUST-272,16435.21,EUR,2026-05-12,2026-06-11,2026-07-08,27,paid
INV-1628,CUST-273,39854.07,EUR,2026-01-20,2026-02-19,2026-04-05,45,paid
INV-1629,CUST-273,5691.42,EUR,2026-04-12,2026-05-12,2026-05-30,18,paid
INV-1630,CUST-273,6708.67,EUR,2026-07-02,2026-08-01,2026-08-06,5,paid
INV-1631,CUST-273,7885.81,EUR,2026-07-06,2026-08-05,2026-08-08,3,paid
INV-1632,CUST-274,19412.41,EUR,2026-05-23,2026-06-22,2026-07-17,25,paid
INV-1633,CUST-274,32372.99,EUR,2025-08-07,2025-09-06,2025-09-26,20,paid
INV-1634,CUST-274,22982.15,EUR,2025-12-30,2026-01-29,2026-02-22,24,paid
INV-1635,CUST-274,5650.19,EUR,2026-05-16,2026-06-15,,57,overdue
INV-1636,CUST-274,6374.66,EUR,2026-07-12,2026-08-11,,0,open
INV-1637,CUST-274,22900.04,EUR,2026-01-27,2026-02-26,2026-04-10,43,paid
INV-1638,CUST-275,30781.32,EUR,2026-06-26,2026-07-26,2026-07-26,0,paid
INV-1639,CUST-275,22024.53,EUR,2025-12-12,2026-01-11,2026-01-29,18,paid
INV-1640,CUST-275,4451.58,EUR,2025-11-16,2025-12-16,2026-01-12,27,paid
INV-1641,CUST-275,28098.5,EUR,2026-03-18,2026-04-17,2026-05-19,32,paid
INV-1642,CUST-275,11826.43,EUR,2026-04-18,2026-05-18,2026-05-25,7,paid
INV-1643,CUST-276,11733.06,EUR,2025-07-29,2025-08-28,2025-09-24,27,paid
INV-1644,CUST-276,21746.06,EUR,2026-04-12,2026-05-12,2026-05-18,6,paid
INV-1645,CUST-276,33086.19,EUR,2025-07-29,2025-08-28,2025-10-06,39,paid
INV-1646,CUST-276,9139.17,EUR,2026-04-21,2026-05-21,2026-06-27,37,paid
INV-1647,CUST-276,28843.89,EUR,2025-09-03,2025-10-03,2025-10-17,14,paid
INV-1648,CUST-276,6647.47,EUR,2026-05-22,2026-06-21,,51,overdue
INV-1649,CUST-277,19642.59,EUR,2026-05-09,2026-06-08,2026-07-17,39,paid
INV-1650,CUST-277,4819.35,EUR,2026-04-11,2026-05-11,2026-05-14,3,paid
INV-1651,CUST-277,18802.54,EUR,2026-01-09,2026-02-08,2026-02-27,19,paid
INV-1652,CUST-277,28792.3,EUR,2025-07-29,2025-08-28,2025-09-11,14,paid
INV-1653,CUST-277,15659.06,EUR,2026-03-31,2026-04-30,2026-05-30,30,paid
INV-1654,CUST-278,19676.62,EUR,2025-11-03,2025-12-03,2025-12-06,3,paid
INV-1655,CUST-278,5664.43,EUR,2026-02-17,2026-03-19,2026-04-11,23,paid
INV-1656,CUST-278,42480.54,EUR,2026-03-01,2026-03-31,2026-05-15,45,paid
INV-1657,CUST-278,11716.01,EUR,2025-12-20,2026-01-19,2026-01-22,3,paid
INV-1658,CUST-279,823.69,EUR,2026-07-02,2026-08-01,2026-08-06,5,paid
INV-1659,CUST-279,13411.01,EUR,2026-04-05,2026-05-05,2026-05-22,17,paid
INV-1660,CUST-279,5253.67,EUR,2025-09-15,2025-10-15,2025-10-26,11,paid
INV-1661,CUST-279,42716.11,EUR,2026-03-15,2026-04-14,2026-05-07,23,paid
INV-1662,CUST-279,14252.57,EUR,2026-02-01,2026-03-03,2026-03-09,6,paid
INV-1663,CUST-280,25188.16,EUR,2025-08-07,2025-09-06,2025-09-14,8,paid
INV-1664,CUST-280,16737.14,EUR,2026-02-03,2026-03-05,2026-03-28,23,paid
INV-1665,CUST-280,24175.7,EUR,2025-09-24,2025-10-24,2025-11-16,23,paid
INV-1666,CUST-280,29540.98,EUR,2026-03-23,2026-04-22,2026-05-05,13,paid
INV-1667,CUST-281,4655.62,EUR,2026-01-07,2026-02-06,2026-02-12,6,paid
INV-1668,CUST-281,28626.49,EUR,2026-05-17,2026-06-16,2026-06-17,1,paid
INV-1669,CUST-281,43600.19,EUR,2025-09-25,2025-10-25,2025-12-05,41,paid
INV-1670,CUST-281,9327.4,EUR,2026-04-16,2026-05-16,2026-06-13,28,paid
INV-1671,CUST-281,4109.68,EUR,2026-06-02,2026-07-02,2026-07-12,10,paid
INV-1672,CUST-281,32860.5,EUR,2026-02-18,2026-03-20,2026-04-01,12,paid
INV-1673,CUST-281,32658.01,EUR,2025-10-22,2025-11-21,2025-11-23,2,paid
INV-1674,CUST-281,9273.44,EUR,2026-05-18,2026-06-17,2026-06-25,8,paid
INV-1675,CUST-282,40355.16,EUR,2026-01-26,2026-02-25,2026-03-25,28,paid
INV-1676,CUST-282,32505.8,EUR,2025-09-03,2025-10-03,2025-10-30,27,paid
INV-1677,CUST-282,22140.67,EUR,2026-06-18,2026-07-18,2026-08-03,16,paid
INV-1678,CUST-282,8178.53,EUR,2026-07-11,2026-08-10,2026-08-10,0,paid
INV-1679,CUST-282,2808.68,EUR,2026-02-24,2026-03-26,2026-05-01,36,paid
INV-1680,CUST-282,35912.05,EUR,2026-06-21,2026-07-21,2026-08-02,12,paid
INV-1681,CUST-282,31063.49,EUR,2025-11-11,2025-12-11,2026-01-12,32,paid
INV-1682,CUST-282,8115.91,EUR,2026-06-14,2026-07-14,2026-07-26,12,paid
INV-1683,CUST-283,18517.52,EUR,2026-01-04,2026-02-03,2026-02-20,17,paid
INV-1684,CUST-283,8935.73,EUR,2026-04-08,2026-05-08,2026-05-18,10,paid
INV-1685,CUST-283,10427.1,EUR,2025-10-03,2025-11-02,2025-12-16,44,paid
INV-1686,CUST-283,39658.65,EUR,2026-07-18,2026-08-17,,0,open
INV-1687,CUST-283,20930.49,EUR,2025-11-02,2025-12-02,2026-01-16,45,paid
INV-1688,CUST-283,12240.49,EUR,2025-10-27,2025-11-26,2025-12-10,14,paid
INV-1689,CUST-283,32104.86,EUR,2026-02-21,2026-03-23,2026-04-27,35,paid
INV-1690,CUST-283,8363.02,EUR,2026-05-23,2026-06-22,,50,overdue
INV-1691,CUST-284,2527.81,EUR,2026-02-23,2026-03-25,2026-04-03,9,paid
INV-1692,CUST-284,41784.36,EUR,2026-03-02,2026-04-01,2026-04-18,17,paid
INV-1693,CUST-284,29194.66,EUR,2026-06-26,2026-07-26,2026-08-01,6,paid
INV-1694,CUST-284,5935.37,EUR,2025-10-22,2025-11-21,2026-01-01,41,paid
INV-1695,CUST-284,28764.58,EUR,2026-01-26,2026-02-25,2026-03-20,23,paid
INV-1696,CUST-285,42632.11,EUR,2026-04-01,2026-05-01,2026-06-23,53,paid
INV-1697,CUST-285,40506.44,EUR,2025-10-16,2025-11-15,,54,overdue
INV-1698,CUST-285,28467.22,EUR,2026-04-14,2026-05-14,2026-06-28,45,paid
INV-1699,CUST-285,33087.07,EUR,2026-01-21,2026-02-20,,53,overdue
INV-1700,CUST-285,24552.58,EUR,2026-05-05,2026-06-04,2026-07-22,48,paid
INV-1701,CUST-285,42598.01,EUR,2025-10-30,2025-11-29,2026-01-21,53,paid
INV-1702,CUST-286,9912.23,EUR,2025-10-13,2025-11-12,2025-12-10,28,paid
INV-1703,CUST-286,15132.43,EUR,2026-04-01,2026-05-01,2026-05-14,13,paid
INV-1704,CUST-286,28637.19,EUR,2025-09-28,2025-10-28,2025-11-22,25,paid
INV-1705,CUST-286,20515.67,EUR,2026-05-04,2026-06-03,2026-06-30,27,paid
INV-1706,CUST-286,7356.37,EUR,2026-01-15,2026-02-14,2026-03-16,30,paid
INV-1707,CUST-286,22721.48,EUR,2026-06-05,2026-07-05,2026-07-31,26,paid
INV-1708,CUST-286,9147.61,EUR,2026-04-23,2026-05-23,2026-06-23,31,paid
INV-1709,CUST-286,29422.34,EUR,2026-04-21,2026-05-21,2026-05-22,1,paid
INV-1710,CUST-287,39928.18,EUR,2026-04-30,2026-05-30,2026-06-24,25,paid
INV-1711,CUST-287,27665.74,EUR,2025-08-05,2025-09-04,2025-09-08,4,paid
INV-1712,CUST-287,3984.55,EUR,2026-05-10,2026-06-09,2026-06-24,15,paid
INV-1713,CUST-287,40983.59,EUR,2025-12-02,2026-01-01,2026-01-26,25,paid
INV-1714,CUST-287,32814.37,EUR,2026-06-01,2026-07-01,2026-07-25,24,paid
INV-1715,CUST-287,27465.57,EUR,2026-07-16,2026-08-15,,0,open
INV-1716,CUST-288,1715.64,EUR,2026-01-07,2026-02-06,2026-02-06,0,paid
INV-1717,CUST-288,42112.76,EUR,2025-08-27,2025-09-26,2025-10-04,8,paid
INV-1718,CUST-288,34839.2,EUR,2026-03-17,2026-04-16,2026-05-03,17,paid
INV-1719,CUST-288,42286.05,EUR,2026-05-10,2026-06-09,2026-07-17,38,paid
INV-1720,CUST-288,35824.1,EUR,2026-07-16,2026-08-15,,0,open
INV-1721,CUST-288,43126.7,EUR,2026-07-18,2026-08-17,,0,open
INV-1722,CUST-288,24772.76,EUR,2026-05-29,2026-06-28,2026-07-25,27,paid
INV-1723,CUST-289,6953.97,EUR,2026-04-10,2026-05-10,2026-06-15,36,paid
INV-1724,CUST-289,36843.55,EUR,2025-12-07,2026-01-06,2026-01-25,19,paid
INV-1725,CUST-289,21967.75,EUR,2026-02-03,2026-03-05,2026-03-20,15,paid
INV-1726,CUST-289,24823.87,EUR,2026-06-24,2026-07-24,2026-08-10,17,paid
INV-1727,CUST-290,37261.68,EUR,2026-07-12,2026-08-11,,0,open
INV-1728,CUST-290,24873.18,EUR,2026-05-31,2026-06-30,,42,overdue
INV-1729,CUST-290,7069.11,EUR,2025-12-22,2026-01-21,2026-02-04,14,paid
INV-1730,CUST-290,10819.04,EUR,2026-07-10,2026-08-09,2026-08-10,1,paid
INV-1731,CUST-291,41538.74,EUR,2026-03-29,2026-04-28,2026-06-10,43,paid
INV-1732,CUST-291,31155.07,EUR,2026-01-07,2026-02-06,2026-03-23,45,paid
INV-1733,CUST-291,22538.47,EUR,2026-05-26,2026-06-25,2026-07-02,7,paid
INV-1734,CUST-291,43075.82,EUR,2026-05-31,2026-06-30,2026-07-02,2,paid
INV-1735,CUST-291,15550.64,EUR,2025-09-10,2025-10-10,2025-11-02,23,paid
INV-1736,CUST-291,40384.92,EUR,2026-06-09,2026-07-09,2026-07-14,5,paid
INV-1737,CUST-292,15600.11,EUR,2025-10-24,2025-11-23,2025-12-04,11,paid
INV-1738,CUST-292,19595.81,EUR,2025-08-09,2025-09-08,2025-10-20,42,paid
INV-1739,CUST-292,14129.12,EUR,2025-08-05,2025-09-04,2025-09-22,18,paid
INV-1740,CUST-292,39492.78,EUR,2026-01-25,2026-02-24,2026-03-13,17,paid
INV-1741,CUST-292,30048.54,EUR,2025-11-09,2025-12-09,2025-12-25,16,paid
INV-1742,CUST-292,35667.44,EUR,2026-06-13,2026-07-13,2026-07-17,4,paid
INV-1743,CUST-292,7279.24,EUR,2025-08-21,2025-09-20,2025-09-29,9,paid
INV-1744,CUST-293,32683.38,EUR,2025-12-06,2026-01-05,2026-02-04,30,paid
INV-1745,CUST-293,5801.85,EUR,2026-06-18,2026-07-18,2026-08-10,23,paid
INV-1746,CUST-293,7194.32,EUR,2026-03-02,2026-04-01,2026-04-21,20,paid
INV-1747,CUST-293,8838.76,EUR,2026-05-18,2026-06-17,2026-06-27,10,paid
INV-1748,CUST-293,19533.38,EUR,2025-11-11,2025-12-11,2026-01-24,44,paid
INV-1749,CUST-293,27397.05,EUR,2025-12-23,2026-01-22,2026-03-03,40,paid
INV-1750,CUST-293,6909.38,EUR,2026-02-02,2026-03-04,2026-04-14,41,paid
INV-1751,CUST-294,19304.76,EUR,2026-01-07,2026-02-06,2026-03-09,31,paid
INV-1752,CUST-294,24392.66,EUR,2025-10-20,2025-11-19,2025-12-23,34,paid
INV-1753,CUST-294,37106.07,EUR,2025-10-21,2025-11-20,2025-12-14,24,paid
INV-1754,CUST-294,26478.61,EUR,2026-06-10,2026-07-10,2026-07-28,18,paid
INV-1755,CUST-294,36659.11,EUR,2025-08-01,2025-08-31,2025-09-14,14,paid
INV-1756,CUST-295,16787.56,EUR,2026-03-24,2026-04-23,2026-05-06,13,paid
INV-1757,CUST-295,16818.01,EUR,2026-07-14,2026-08-13,,0,open
INV-1758,CUST-295,43126.62,EUR,2025-11-22,2025-12-22,2025-12-29,7,paid
INV-1759,CUST-295,41082.2,EUR,2026-06-22,2026-07-22,2026-07-26,4,paid
INV-1760,CUST-296,7171.0,EUR,2025-11-29,2025-12-29,2026-02-02,35,paid
INV-1761,CUST-296,11518.39,EUR,2025-12-19,2026-01-18,2026-02-01,14,paid
INV-1762,CUST-296,33817.19,EUR,2026-06-24,2026-07-24,2026-07-28,4,paid
INV-1763,CUST-296,33202.2,EUR,2026-01-10,2026-02-09,2026-03-25,44,paid
INV-1764,CUST-296,17228.44,EUR,2025-12-17,2026-01-16,2026-03-01,44,paid
INV-1765,CUST-296,30093.43,EUR,2026-05-29,2026-06-28,,44,overdue
INV-1766,CUST-297,2134.21,EUR,2026-05-03,2026-06-02,2026-06-25,23,paid
INV-1767,CUST-297,4291.5,EUR,2026-05-11,2026-06-10,2026-06-14,4,paid
INV-1768,CUST-297,25957.9,EUR,2026-07-16,2026-08-15,,0,open
INV-1769,CUST-297,7417.5,EUR,2025-12-21,2026-01-20,2026-01-31,11,paid
INV-1770,CUST-297,33665.26,EUR,2025-11-24,2025-12-24,2026-01-26,33,paid
INV-1771,CUST-297,42735.45,EUR,2025-07-30,2025-08-29,2025-09-28,30,paid
INV-1772,CUST-297,32737.04,EUR,2025-12-24,2026-01-23,2026-02-20,28,paid
INV-1773,CUST-297,31529.92,EUR,2025-08-26,2025-09-25,2025-10-13,18,paid
INV-1774,CUST-298,3452.04,EUR,2026-05-04,2026-06-03,2026-07-14,41,paid
INV-1775,CUST-298,27504.47,EUR,2026-07-06,2026-08-05,2026-08-06,1,paid
INV-1776,CUST-298,18320.47,EUR,2026-07-17,2026-08-16,,0,open
INV-1777,CUST-298,30851.74,EUR,2025-12-18,2026-01-17,2026-02-15,29,paid
INV-1778,CUST-299,41426.44,EUR,2026-03-12,2026-04-11,2026-05-13,32,paid
INV-1779,CUST-299,32153.39,EUR,2026-02-16,2026-03-18,2026-04-14,27,paid
INV-1780,CUST-299,12814.78,EUR,2026-05-03,2026-06-02,2026-06-07,5,paid
INV-1781,CUST-299,17488.16,EUR,2025-10-28,2025-11-27,2025-12-05,8,paid
INV-1782,CUST-299,18497.79,EUR,2026-04-05,2026-05-05,2026-05-08,3,paid
INV-1783,CUST-299,18139.26,EUR,2026-04-01,2026-05-01,2026-06-05,35,paid
INV-1784,CUST-299,38003.71,EUR,2025-09-16,2025-10-16,2025-11-29,44,paid
INV-1785,CUST-299,21901.8,EUR,2025-11-25,2025-12-25,2026-02-04,41,paid
INV-1786,CUST-300,8085.24,EUR,2026-01-09,2026-02-08,2026-03-03,23,paid
INV-1787,CUST-300,19550.61,EUR,2025-08-25,2025-09-24,2025-10-11,17,paid
INV-1788,CUST-300,5414.48,EUR,2026-05-28,2026-06-27,2026-07-21,24,paid
INV-1789,CUST-300,2039.76,EUR,2026-02-01,2026-03-03,2026-03-21,18,paid
INV-1790,CUST-300,24737.3,EUR,2026-04-30,2026-05-30,2026-06-03,4,paid
INV-1791,CUST-300,27192.3,EUR,2026-04-05,2026-05-05,2026-05-24,19,paid
INV-1792,CUST-300,25184.76,EUR,2026-04-17,2026-05-17,2026-06-26,40,paid
INV-1793,CUST-301,12697.23,EUR,2026-03-21,2026-04-20,2026-05-26,36,paid
INV-1794,CUST-301,2783.45,EUR,2025-10-06,2025-11-05,2025-12-05,30,paid
INV-1795,CUST-301,2923.76,EUR,2026-06-29,2026-07-29,,13,overdue
INV-1796,CUST-301,1174.76,EUR,2026-02-14,2026-03-16,2026-04-07,22,paid
INV-1797,CUST-302,22909.55,EUR,2025-12-31,2026-01-30,2026-02-19,20,paid
INV-1798,CUST-302,32875.42,EUR,2026-01-03,2026-02-02,2026-02-10,8,paid
INV-1799,CUST-302,30621.14,EUR,2025-07-28,2025-08-27,2025-09-17,21,paid
INV-1800,CUST-302,40425.79,EUR,2025-12-26,2026-01-25,2026-02-26,32,paid
INV-1801,CUST-302,22996.23,EUR,2026-06-01,2026-07-01,2026-07-01,0,paid
INV-1802,CUST-302,35986.26,EUR,2025-09-25,2025-10-25,2025-11-24,30,paid
INV-1803,CUST-303,13623.28,EUR,2026-07-03,2026-08-02,2026-08-09,7,paid
INV-1804,CUST-303,39926.01,EUR,2026-06-12,2026-07-12,,30,overdue
INV-1805,CUST-303,39890.57,EUR,2026-03-26,2026-04-25,2026-06-07,43,paid
INV-1806,CUST-303,7026.13,EUR,2025-08-22,2025-09-21,2025-11-05,45,paid
INV-1807,CUST-303,44709.02,EUR,2026-05-01,2026-05-31,2026-07-02,32,paid
INV-1808,CUST-303,44658.73,EUR,2025-10-31,2025-11-30,2026-01-07,38,paid
INV-1809,CUST-303,23929.29,EUR,2025-08-23,2025-09-22,2025-10-13,21,paid
INV-1810,CUST-303,35512.55,EUR,2025-12-05,2026-01-04,2026-01-25,21,paid
INV-1811,CUST-304,28357.41,EUR,2026-01-19,2026-02-18,2026-03-17,27,paid
INV-1812,CUST-304,40168.05,EUR,2026-07-02,2026-08-01,2026-08-07,6,paid
INV-1813,CUST-304,10029.87,EUR,2026-03-22,2026-04-21,2026-05-30,39,paid
INV-1814,CUST-304,4114.92,EUR,2025-09-15,2025-10-15,2025-10-24,9,paid
INV-1815,CUST-304,28548.3,EUR,2025-10-05,2025-11-04,2025-12-05,31,paid
INV-1816,CUST-304,36368.91,EUR,2026-06-03,2026-07-03,2026-07-30,27,paid
INV-1817,CUST-305,39144.99,EUR,2025-10-15,2025-11-14,2025-11-19,5,paid
INV-1818,CUST-305,4959.84,EUR,2025-11-09,2025-12-09,2025-12-29,20,paid
INV-1819,CUST-305,42085.27,EUR,2026-04-27,2026-05-27,2026-06-06,10,paid
INV-1820,CUST-305,13181.19,EUR,2026-06-18,2026-07-18,2026-07-20,2,paid
INV-1821,CUST-305,8720.03,EUR,2026-06-16,2026-07-16,2026-07-24,8,paid
INV-1822,CUST-305,44048.98,EUR,2025-11-22,2025-12-22,2026-01-19,28,paid
INV-1823,CUST-306,43748.28,EUR,2026-05-20,2026-06-19,2026-06-30,11,paid
INV-1824,CUST-306,18521.51,EUR,2026-02-26,2026-03-28,2026-05-06,39,paid
INV-1825,CUST-306,6501.1,EUR,2025-08-08,2025-09-07,2025-09-30,23,paid
INV-1826,CUST-306,38141.74,EUR,2025-11-02,2025-12-02,2025-12-22,20,paid
INV-1827,CUST-306,4490.28,EUR,2026-01-12,2026-02-11,2026-03-09,26,paid
INV-1828,CUST-307,12416.97,EUR,2025-12-04,2026-01-03,2026-02-15,43,paid
INV-1829,CUST-307,28231.13,EUR,2026-07-01,2026-07-31,2026-08-11,11,paid
INV-1830,CUST-307,31728.74,EUR,2026-03-19,2026-04-18,2026-05-23,35,paid
INV-1831,CUST-307,7631.65,EUR,2026-07-18,2026-08-17,,0,open
INV-1832,CUST-307,13647.2,EUR,2026-05-30,2026-06-29,2026-07-11,12,paid
INV-1833,CUST-307,10658.87,EUR,2026-06-15,2026-07-15,2026-08-05,21,paid
INV-1834,CUST-307,16223.06,EUR,2026-06-05,2026-07-05,2026-07-22,17,paid
INV-1835,CUST-307,5623.06,EUR,2025-11-26,2025-12-26,2026-01-06,11,paid
INV-1836,CUST-308,34755.18,EUR,2025-12-31,2026-01-30,2026-02-11,12,paid
INV-1837,CUST-308,15329.45,EUR,2025-12-29,2026-01-28,2026-02-17,20,paid
INV-1838,CUST-308,44842.57,EUR,2026-01-28,2026-02-27,2026-03-30,31,paid
INV-1839,CUST-308,31841.26,EUR,2026-04-05,2026-05-05,2026-06-04,30,paid
INV-1840,CUST-309,20892.38,EUR,2026-03-02,2026-04-01,2026-05-05,34,paid
INV-1841,CUST-309,42725.19,EUR,2026-05-04,2026-06-03,2026-06-12,9,paid
INV-1842,CUST-309,10235.38,EUR,2025-08-29,2025-09-28,2025-11-03,36,paid
INV-1843,CUST-309,44461.23,EUR,2026-07-06,2026-08-05,2026-08-05,0,paid
INV-1844,CUST-310,44052.39,EUR,2025-12-14,2026-01-13,2026-01-26,13,paid
INV-1845,CUST-310,10147.99,EUR,2026-06-25,2026-07-25,,17,overdue
INV-1846,CUST-310,19493.08,EUR,2025-08-06,2025-09-05,2025-09-21,16,paid
INV-1847,CUST-310,8583.87,EUR,2025-08-31,2025-09-30,2025-10-09,9,paid
INV-1848,CUST-310,12906.62,EUR,2026-06-17,2026-07-17,,25,overdue
INV-1849,CUST-310,39310.98,EUR,2025-12-03,2026-01-02,2026-02-04,33,paid
INV-1850,CUST-311,40273.84,EUR,2025-08-14,2025-09-13,2025-09-24,11,paid
INV-1851,CUST-311,4885.9,EUR,2026-06-25,2026-07-25,2026-08-04,10,paid
INV-1852,CUST-311,8072.37,EUR,2026-02-20,2026-03-22,2026-04-13,22,paid
INV-1853,CUST-311,22087.84,EUR,2025-12-20,2026-01-19,2026-02-22,34,paid
INV-1854,CUST-311,35446.5,EUR,2025-08-04,2025-09-03,2025-10-17,44,paid
INV-1855,CUST-312,17999.9,EUR,2025-11-24,2025-12-24,2026-01-11,18,paid
INV-1856,CUST-312,35411.8,EUR,2026-02-20,2026-03-22,2026-04-08,17,paid
INV-1857,CUST-312,4239.15,EUR,2025-09-23,2025-10-23,2025-10-29,6,paid
INV-1858,CUST-312,28049.85,EUR,2025-09-05,2025-10-05,2025-10-23,18,paid
INV-1859,CUST-312,42302.43,EUR,2026-03-17,2026-04-16,,117,overdue
INV-1860,CUST-312,33633.37,EUR,2026-03-27,2026-04-26,,107,overdue
INV-1861,CUST-312,33362.99,EUR,2026-04-18,2026-05-18,,85,overdue
INV-1862,CUST-313,40425.35,EUR,2026-02-19,2026-03-21,2026-03-25,4,paid
INV-1863,CUST-313,39002.12,EUR,2026-01-16,2026-02-15,2026-03-02,15,paid
INV-1864,CUST-313,12415.88,EUR,2026-01-24,2026-02-23,2026-03-08,13,paid
INV-1865,CUST-313,42494.91,EUR,2026-03-23,2026-04-22,,111,overdue
INV-1866,CUST-313,38691.2,EUR,2026-04-10,2026-05-10,,93,overdue
INV-1867,CUST-313,28835.75,EUR,2026-05-08,2026-06-07,,65,overdue
INV-1868,CUST-314,2412.68,EUR,2026-06-03,2026-07-03,2026-07-09,6,paid
INV-1869,CUST-314,31582.92,EUR,2025-12-19,2026-01-18,2026-01-28,10,paid
INV-1870,CUST-314,17488.0,EUR,2025-09-18,2025-10-18,2025-11-09,22,paid
INV-1871,CUST-314,42895.06,EUR,2026-04-06,2026-05-06,2026-06-18,43,paid
INV-1872,CUST-314,43015.62,EUR,2025-09-30,2025-10-30,2025-11-22,23,paid
INV-1873,CUST-314,1515.65,EUR,2026-01-17,2026-02-16,2026-03-07,19,paid
INV-1874,CUST-314,37002.08,EUR,2025-11-07,2025-12-07,2025-12-14,7,paid
INV-1875,CUST-314,22861.58,EUR,2025-07-29,2025-08-28,2025-09-26,29,paid
INV-1876,CUST-315,16346.42,EUR,2025-12-24,2026-01-23,2026-02-26,34,paid
INV-1877,CUST-315,23924.11,EUR,2025-12-16,2026-01-15,2026-02-05,21,paid
INV-1878,CUST-315,41744.62,EUR,2026-05-25,2026-06-24,2026-07-05,11,paid
INV-1879,CUST-315,25231.71,EUR,2026-04-23,2026-05-23,2026-06-02,10,paid
INV-1880,CUST-315,20065.73,EUR,2025-10-18,2025-11-17,2025-12-05,18,paid
INV-1881,CUST-315,31233.94,EUR,2025-08-19,2025-09-18,2025-10-15,27,paid
INV-1882,CUST-315,13319.58,EUR,2025-09-01,2025-10-01,2025-11-09,39,paid
INV-1883,CUST-316,36422.54,EUR,2026-06-08,2026-07-08,,34,overdue
INV-1884,CUST-316,1526.05,EUR,2025-08-24,2025-09-23,2025-10-19,26,paid
INV-1885,CUST-316,22741.1,EUR,2026-05-30,2026-06-29,2026-07-28,29,paid
INV-1886,CUST-316,5206.83,EUR,2025-10-17,2025-11-16,2025-12-14,28,paid
INV-1887,CUST-317,36419.48,EUR,2025-09-28,2025-10-28,2025-12-09,42,paid
INV-1888,CUST-317,38445.37,EUR,2026-02-24,2026-03-26,2026-04-08,13,paid
INV-1889,CUST-317,35138.11,EUR,2026-03-30,2026-04-29,2026-06-03,35,paid
INV-1890,CUST-317,5860.95,EUR,2026-01-08,2026-02-07,2026-03-09,30,paid
INV-1891,CUST-317,16297.12,EUR,2026-05-20,2026-06-19,2026-07-03,14,paid
INV-1892,CUST-317,40933.32,EUR,2025-12-23,2026-01-22,2026-03-04,41,paid
INV-1893,CUST-317,35480.87,EUR,2025-07-27,2025-08-26,2025-09-20,25,paid
INV-1894,CUST-317,42331.06,EUR,2026-07-19,2026-08-18,,0,open
INV-1895,CUST-318,13335.32,EUR,2025-11-05,2025-12-05,2026-01-16,42,paid
INV-1896,CUST-318,14386.93,EUR,2026-03-09,2026-04-08,2026-05-04,26,paid
INV-1897,CUST-318,11476.71,EUR,2025-08-12,2025-09-11,2025-10-07,26,paid
INV-1898,CUST-318,1486.43,EUR,2026-07-06,2026-08-05,2026-08-07,2,paid
INV-1899,CUST-318,37045.52,EUR,2025-10-30,2025-11-29,2026-01-06,38,paid
INV-1900,CUST-319,8332.16,EUR,2026-02-01,2026-03-03,2026-04-08,36,paid
INV-1901,CUST-319,11488.94,EUR,2025-12-14,2026-01-13,2026-02-07,25,paid
INV-1902,CUST-319,28039.04,EUR,2026-04-15,2026-05-15,2026-06-09,25,paid
INV-1903,CUST-319,36218.86,EUR,2026-06-26,2026-07-26,2026-07-30,4,paid
INV-1904,CUST-319,18056.2,EUR,2025-08-31,2025-09-30,2025-10-11,11,paid
INV-1905,CUST-319,40764.37,EUR,2025-12-28,2026-01-27,2026-03-01,33,paid
INV-1906,CUST-320,11008.85,EUR,2025-12-11,2026-01-10,2026-02-24,45,paid
INV-1907,CUST-320,23088.16,EUR,2026-05-19,2026-06-18,2026-07-13,25,paid
INV-1908,CUST-320,38061.96,EUR,2026-01-03,2026-02-02,2026-03-14,40,paid
INV-1909,CUST-320,37810.33,EUR,2026-03-11,2026-04-10,2026-04-20,10,paid
INV-1910,CUST-320,9806.31,EUR,2026-02-07,2026-03-09,2026-03-14,5,paid
INV-1911,CUST-321,1309.99,EUR,2025-12-11,2026-01-10,2026-02-16,37,paid
INV-1912,CUST-321,2029.57,EUR,2026-05-05,2026-06-04,2026-07-19,45,paid
INV-1913,CUST-321,41490.27,EUR,2025-10-17,2025-11-16,2025-11-21,5,paid
INV-1914,CUST-321,17702.29,EUR,2025-10-03,2025-11-02,2025-11-10,8,paid
INV-1915,CUST-322,28712.38,EUR,2025-09-01,2025-10-01,2025-10-23,22,paid
INV-1916,CUST-322,11395.71,EUR,2026-04-18,2026-05-18,2026-06-01,14,paid
INV-1917,CUST-322,9367.24,EUR,2026-02-20,2026-03-22,2026-04-06,15,paid
INV-1918,CUST-322,34851.31,EUR,2026-01-10,2026-02-09,2026-03-23,42,paid
INV-1919,CUST-322,12953.45,EUR,2026-06-26,2026-07-26,2026-07-26,0,paid
INV-1920,CUST-322,44328.06,EUR,2025-08-30,2025-09-29,2025-10-05,6,paid
INV-1921,CUST-322,21093.45,EUR,2026-05-27,2026-06-26,2026-06-29,3,paid
INV-1922,CUST-323,12380.16,EUR,2026-02-28,2026-03-30,2026-04-10,11,paid
INV-1923,CUST-323,4220.26,EUR,2026-06-05,2026-07-05,2026-08-03,29,paid
INV-1924,CUST-323,18073.37,EUR,2026-04-07,2026-05-07,2026-06-07,31,paid
INV-1925,CUST-323,19087.53,EUR,2026-07-11,2026-08-10,2026-08-10,0,paid
INV-1926,CUST-323,31180.27,EUR,2026-04-06,2026-05-06,2026-05-30,24,paid
INV-1927,CUST-324,40946.97,EUR,2025-09-01,2025-10-01,2025-10-11,10,paid
INV-1928,CUST-324,14004.97,EUR,2026-04-21,2026-05-21,2026-06-01,11,paid
INV-1929,CUST-324,25874.39,EUR,2025-08-19,2025-09-18,2025-10-26,38,paid
INV-1930,CUST-324,5980.56,EUR,2026-07-06,2026-08-05,2026-08-07,2,paid
INV-1931,CUST-324,44775.29,EUR,2025-11-17,2025-12-17,2026-01-24,38,paid
INV-1932,CUST-324,1021.64,EUR,2025-10-16,2025-11-15,2025-12-18,33,paid
INV-1933,CUST-325,9323.76,EUR,2026-05-21,2026-06-20,,52,overdue
INV-1934,CUST-325,23695.38,EUR,2026-07-11,2026-08-10,2026-08-10,0,paid
INV-1935,CUST-325,5873.65,EUR,2026-01-17,2026-02-16,2026-03-01,13,paid
INV-1936,CUST-325,15277.26,EUR,2026-07-07,2026-08-06,2026-08-11,5,paid
INV-1937,CUST-325,42341.29,EUR,2025-08-02,2025-09-01,2025-09-18,17,paid
INV-1938,CUST-325,22085.61,EUR,2026-03-04,2026-04-03,2026-04-08,5,paid
INV-1939,CUST-326,29615.06,EUR,2025-10-13,2025-11-12,2025-12-11,29,paid
INV-1940,CUST-326,20073.94,EUR,2025-11-11,2025-12-11,2026-01-05,25,paid
INV-1941,CUST-326,11854.12,EUR,2026-04-15,2026-05-15,2026-05-27,12,paid
INV-1942,CUST-326,38194.78,EUR,2025-08-05,2025-09-04,2025-10-19,45,paid
INV-1943,CUST-326,43314.71,EUR,2026-03-01,2026-03-31,2026-04-06,6,paid
INV-1944,CUST-326,35857.37,EUR,2025-09-27,2025-10-27,2025-12-03,37,paid
INV-1945,CUST-327,35899.2,EUR,2026-04-29,2026-05-29,2026-06-29,31,paid
INV-1946,CUST-327,39822.29,EUR,2025-12-13,2026-01-12,2026-02-08,27,paid
INV-1947,CUST-327,33820.9,EUR,2025-09-20,2025-10-20,2025-11-09,20,paid
INV-1948,CUST-327,5554.11,EUR,2025-09-07,2025-10-07,2025-10-31,24,paid
INV-1949,CUST-327,9627.66,EUR,2025-12-15,2026-01-14,2026-02-05,22,paid
INV-1950,CUST-327,40486.94,EUR,2026-01-12,2026-02-11,2026-02-15,4,paid
INV-1951,CUST-328,40113.68,EUR,2026-04-28,2026-05-28,2026-06-29,32,paid
INV-1952,CUST-328,26739.62,EUR,2026-03-15,2026-04-14,2026-05-02,18,paid
INV-1953,CUST-328,37339.54,EUR,2025-09-16,2025-10-16,2025-11-26,41,paid
INV-1954,CUST-328,16369.6,EUR,2025-10-24,2025-11-23,2025-11-24,1,paid
INV-1955,CUST-328,8751.77,EUR,2026-05-25,2026-06-24,2026-07-19,25,paid
INV-1956,CUST-328,16612.31,EUR,2026-04-18,2026-05-18,2026-05-22,4,paid
INV-1957,CUST-328,29837.39,EUR,2026-04-03,2026-05-03,2026-05-26,23,paid
INV-1958,CUST-329,6205.82,EUR,2026-02-12,2026-03-14,2026-04-03,20,paid
INV-1959,CUST-329,1281.83,EUR,2025-08-04,2025-09-03,2025-09-24,21,paid
INV-1960,CUST-329,21369.65,EUR,2026-04-04,2026-05-04,2026-05-24,20,paid
INV-1961,CUST-329,25624.51,EUR,2026-03-25,2026-04-24,2026-05-18,24,paid
INV-1962,CUST-329,27399.64,EUR,2026-02-27,2026-03-29,2026-05-01,33,paid
INV-1963,CUST-330,25594.37,EUR,2026-05-31,2026-06-30,2026-07-30,30,paid
INV-1964,CUST-330,4107.23,EUR,2025-08-13,2025-09-12,2025-10-23,41,paid
INV-1965,CUST-330,30950.23,EUR,2025-12-19,2026-01-18,2026-02-14,27,paid
INV-1966,CUST-330,36752.04,EUR,2026-02-10,2026-03-12,2026-03-24,12,paid
INV-1967,CUST-330,2994.96,EUR,2026-04-13,2026-05-13,2026-06-13,31,paid
INV-1968,CUST-331,44569.48,EUR,2026-06-29,2026-07-29,2026-07-30,1,paid
INV-1969,CUST-331,8364.38,EUR,2025-12-03,2026-01-02,2026-01-22,20,paid
INV-1970,CUST-331,17722.3,EUR,2025-09-23,2025-10-23,2025-11-28,36,paid
INV-1971,CUST-331,13398.63,EUR,2026-07-12,2026-08-11,,0,open
INV-1972,CUST-331,35422.11,EUR,2025-08-27,2025-09-26,2025-11-01,36,paid
INV-1973,CUST-331,41094.63,EUR,2026-07-20,2026-08-19,,0,open
INV-1974,CUST-331,6592.77,EUR,2026-02-27,2026-03-29,2026-04-23,25,paid
INV-1975,CUST-332,41377.12,EUR,2025-10-22,2025-11-21,2025-11-23,2,paid
INV-1976,CUST-332,29299.08,EUR,2026-01-31,2026-03-02,2026-03-06,4,paid
INV-1977,CUST-332,5004.3,EUR,2025-11-24,2025-12-24,2026-01-19,26,paid
INV-1978,CUST-332,12940.57,EUR,2026-02-18,2026-03-20,2026-04-11,22,paid
INV-1979,CUST-333,25395.1,EUR,2026-06-12,2026-07-12,2026-07-31,19,paid
INV-1980,CUST-333,18185.08,EUR,2026-06-28,2026-07-28,2026-08-04,7,paid
INV-1981,CUST-333,38311.32,EUR,2025-11-12,2025-12-12,2025-12-19,7,paid
INV-1982,CUST-333,42246.51,EUR,2026-01-12,2026-02-11,2026-02-17,6,paid
INV-1983,CUST-333,10701.43,EUR,2026-07-08,2026-08-07,2026-08-08,1,paid
INV-1984,CUST-333,44714.48,EUR,2026-05-30,2026-06-29,2026-07-22,23,paid
INV-1985,CUST-333,10804.28,EUR,2025-12-11,2026-01-10,2026-01-15,5,paid
INV-1986,CUST-334,36873.72,EUR,2026-01-15,2026-02-14,2026-03-20,34,paid
INV-1987,CUST-334,42087.68,EUR,2026-07-20,2026-08-19,,0,open
INV-1988,CUST-334,12278.2,EUR,2026-06-26,2026-07-26,2026-07-29,3,paid
INV-1989,CUST-334,42663.8,EUR,2026-06-28,2026-07-28,,14,overdue
INV-1990,CUST-334,31206.13,EUR,2026-02-04,2026-03-06,2026-03-30,24,paid
INV-1991,CUST-335,8328.97,EUR,2025-07-30,2025-08-29,2025-09-06,8,paid
INV-1992,CUST-335,21162.66,EUR,2025-09-27,2025-10-27,2025-11-04,8,paid
INV-1993,CUST-335,38895.75,EUR,2026-02-09,2026-03-11,2026-04-17,37,paid
INV-1994,CUST-335,28951.14,EUR,2025-12-23,2026-01-22,2026-03-05,42,paid
INV-1995,CUST-335,23861.96,EUR,2026-05-21,2026-06-20,2026-07-05,15,paid
INV-1996,CUST-335,22462.59,EUR,2025-08-18,2025-09-17,2025-10-04,17,paid
INV-1997,CUST-336,10781.71,EUR,2025-11-17,2025-12-17,2026-01-02,16,paid
INV-1998,CUST-336,32243.06,EUR,2026-02-21,2026-03-23,2026-04-14,22,paid
INV-1999,CUST-336,37730.96,EUR,2025-10-10,2025-11-09,2025-11-24,15,paid
INV-2000,CUST-336,29403.33,EUR,2025-08-19,2025-09-18,2025-10-01,13,paid
INV-2001,CUST-336,4248.34,EUR,2025-08-01,2025-08-31,2025-10-01,31,paid
INV-2002,CUST-336,10191.42,EUR,2026-06-22,2026-07-22,2026-08-05,14,paid
INV-2003,CUST-337,22353.93,EUR,2026-04-17,2026-05-17,2026-06-07,21,paid
INV-2004,CUST-337,36778.6,EUR,2026-04-07,2026-05-07,2026-06-09,33,paid
INV-2005,CUST-337,38743.88,EUR,2025-11-01,2025-12-01,2025-12-20,19,paid
INV-2006,CUST-337,29763.79,EUR,2025-12-02,2026-01-01,2026-02-02,32,paid
INV-2007,CUST-337,41204.34,EUR,2026-05-29,2026-06-28,2026-07-09,11,paid
INV-2008,CUST-337,43897.86,EUR,2026-01-06,2026-02-05,2026-03-16,39,paid
INV-2009,CUST-337,9773.52,EUR,2025-11-02,2025-12-02,2025-12-27,25,paid
INV-2010,CUST-338,13080.46,EUR,2026-06-17,2026-07-17,2026-07-26,9,paid
INV-2011,CUST-338,29458.53,EUR,2025-09-30,2025-10-30,2025-11-08,9,paid
INV-2012,CUST-338,39527.87,EUR,2025-11-28,2025-12-28,2026-01-04,7,paid
INV-2013,CUST-338,1533.19,EUR,2026-03-21,2026-04-20,2026-05-19,29,paid
INV-2014,CUST-338,12590.64,EUR,2026-04-18,2026-05-18,2026-06-17,30,paid
INV-2015,CUST-339,16356.49,EUR,2025-12-03,2026-01-02,2026-01-09,7,paid
INV-2016,CUST-339,4515.75,EUR,2025-10-14,2025-11-13,2025-12-10,27,paid
INV-2017,CUST-339,7457.41,EUR,2026-04-05,2026-05-05,2026-06-06,32,paid
INV-2018,CUST-339,23250.37,EUR,2025-12-14,2026-01-13,2026-01-16,3,paid
INV-2019,CUST-339,12848.43,EUR,2025-12-09,2026-01-08,2026-01-14,6,paid
INV-2020,CUST-339,29469.08,EUR,2026-06-27,2026-07-27,2026-08-09,13,paid
INV-2021,CUST-339,13795.06,EUR,2026-04-14,2026-05-14,2026-06-08,25,paid
INV-2022,CUST-339,27056.97,EUR,2026-04-23,2026-05-23,2026-06-25,33,paid
INV-2023,CUST-340,23722.94,EUR,2025-11-12,2025-12-12,2025-12-18,6,paid
INV-2024,CUST-340,3004.32,EUR,2025-08-08,2025-09-07,2025-09-22,15,paid
INV-2025,CUST-340,10505.43,EUR,2026-05-27,2026-06-26,,46,overdue
INV-2026,CUST-340,26225.19,EUR,2026-07-04,2026-08-03,2026-08-11,8,paid
INV-2027,CUST-340,12975.31,EUR,2026-06-01,2026-07-01,2026-07-23,22,paid
INV-2028,CUST-340,18122.34,EUR,2025-12-27,2026-01-26,2026-02-01,6,paid
INV-2029,CUST-340,33239.46,EUR,2026-04-01,2026-05-01,2026-06-14,44,paid
INV-2030,CUST-340,22686.59,EUR,2026-03-07,2026-04-06,2026-04-16,10,paid
INV-2031,CUST-341,28950.95,EUR,2026-01-26,2026-02-25,2026-04-11,45,paid
INV-2032,CUST-341,13528.66,EUR,2025-09-20,2025-10-20,2025-10-20,0,paid
INV-2033,CUST-341,8980.48,EUR,2026-06-04,2026-07-04,2026-07-23,19,paid
INV-2034,CUST-341,33467.81,EUR,2025-11-20,2025-12-20,2026-02-02,44,paid
INV-2035,CUST-341,8324.28,EUR,2026-03-22,2026-04-21,2026-06-03,43,paid
INV-2036,CUST-342,9080.62,EUR,2026-04-28,2026-05-28,2026-06-26,29,paid
INV-2037,CUST-342,43331.14,EUR,2026-05-11,2026-06-10,2026-07-22,42,paid
INV-2038,CUST-342,19714.18,EUR,2025-11-22,2025-12-22,2025-12-23,1,paid
INV-2039,CUST-342,43867.19,EUR,2026-04-23,2026-05-23,2026-05-27,4,paid
INV-2040,CUST-343,34403.53,EUR,2025-08-09,2025-09-08,2025-09-08,0,paid
INV-2041,CUST-343,16364.75,EUR,2025-09-21,2025-10-21,2025-11-20,30,paid
INV-2042,CUST-343,844.49,EUR,2025-09-27,2025-10-27,2025-11-11,15,paid
INV-2043,CUST-343,5634.86,EUR,2025-11-23,2025-12-23,2025-12-24,1,paid
INV-2044,CUST-343,30858.04,EUR,2025-10-05,2025-11-04,2025-11-22,18,paid
INV-2045,CUST-344,23039.07,EUR,2025-10-27,2025-11-26,2025-12-05,9,paid
INV-2046,CUST-344,5219.67,EUR,2026-06-04,2026-07-04,2026-07-14,10,paid
INV-2047,CUST-344,22487.25,EUR,2025-12-03,2026-01-02,2026-01-24,22,paid
INV-2048,CUST-344,12174.41,EUR,2025-10-16,2025-11-15,2025-12-16,31,paid
INV-2049,CUST-344,16901.59,EUR,2026-03-15,2026-04-14,2026-04-14,0,paid
INV-2050,CUST-345,32188.95,EUR,2026-02-18,2026-03-20,2026-04-22,33,paid
INV-2051,CUST-345,38677.46,EUR,2025-08-17,2025-09-16,2025-10-24,38,paid
INV-2052,CUST-345,5784.04,EUR,2025-11-17,2025-12-17,2026-01-29,43,paid
INV-2053,CUST-345,32987.13,EUR,2025-10-30,2025-11-29,2025-11-30,1,paid
INV-2054,CUST-345,44055.77,EUR,2026-05-08,2026-06-07,2026-06-21,14,paid
INV-2055,CUST-345,44738.65,EUR,2025-08-19,2025-09-18,2025-10-10,22,paid
INV-2056,CUST-346,11601.06,EUR,2026-07-07,2026-08-06,2026-08-09,3,paid
INV-2057,CUST-346,9918.79,EUR,2026-01-19,2026-02-18,2026-02-23,5,paid
INV-2058,CUST-346,41492.61,EUR,2026-04-14,2026-05-14,2026-06-07,24,paid
INV-2059,CUST-346,5570.58,EUR,2025-08-29,2025-09-28,2025-10-15,17,paid
INV-2060,CUST-346,30803.03,EUR,2025-09-05,2025-10-05,2025-11-02,28,paid
INV-2061,CUST-346,8532.89,EUR,2025-10-26,2025-11-25,2026-01-07,43,paid
INV-2062,CUST-346,40049.37,EUR,2026-01-25,2026-02-24,2026-03-21,25,paid
INV-2063,CUST-347,42580.78,EUR,2025-12-21,2026-01-20,2026-02-06,17,paid
INV-2064,CUST-347,9223.31,EUR,2026-02-14,2026-03-16,2026-04-22,37,paid
INV-2065,CUST-347,31821.14,EUR,2025-10-29,2025-11-28,2026-01-06,39,paid
INV-2066,CUST-347,19958.92,EUR,2026-05-21,2026-06-20,2026-07-20,30,paid
INV-2067,CUST-347,13547.66,EUR,2026-01-26,2026-02-25,2026-02-25,0,paid
INV-2068,CUST-347,41783.7,EUR,2025-11-09,2025-12-09,2025-12-18,9,paid
INV-2069,CUST-347,30896.8,EUR,2025-11-26,2025-12-26,2026-01-28,33,paid
INV-2070,CUST-347,28371.74,EUR,2026-02-24,2026-03-26,2026-05-07,42,paid
INV-2071,CUST-348,22317.66,EUR,2026-02-17,2026-03-19,2026-03-23,4,paid
INV-2072,CUST-348,1489.18,EUR,2026-02-22,2026-03-24,2026-03-26,2,paid
INV-2073,CUST-348,13309.36,EUR,2026-04-02,2026-05-02,2026-06-08,37,paid
INV-2074,CUST-348,3151.14,EUR,2026-05-20,2026-06-19,2026-07-02,13,paid
INV-2075,CUST-348,29983.2,EUR,2026-01-23,2026-02-22,2026-02-22,0,paid
INV-2076,CUST-349,6887.17,EUR,2026-03-16,2026-04-15,2026-05-03,18,paid
INV-2077,CUST-349,30207.41,EUR,2025-11-07,2025-12-07,2026-01-11,35,paid
INV-2078,CUST-349,42952.89,EUR,2026-05-04,2026-06-03,2026-07-18,45,paid
INV-2079,CUST-349,7104.88,EUR,2026-03-06,2026-04-05,2026-04-17,12,paid
INV-2080,CUST-350,13653.45,EUR,2026-04-02,2026-05-02,,46,overdue
INV-2081,CUST-350,11793.8,EUR,2025-11-13,2025-12-13,,57,overdue
INV-2082,CUST-350,40272.09,EUR,2026-03-24,2026-04-23,,54,overdue
INV-2083,CUST-350,25724.72,EUR,2026-02-14,2026-03-16,2026-05-10,55,paid
INV-2084,CUST-350,31002.8,EUR,2026-03-03,2026-04-02,,51,overdue
INV-2085,CUST-350,25299.34,EUR,2025-10-12,2025-11-11,,54,overdue
INV-2086,CUST-350,25846.6,EUR,2025-12-12,2026-01-11,,59,overdue
INV-2087,CUST-351,5045.07,EUR,2025-12-11,2026-01-10,2026-02-12,33,paid
INV-2088,CUST-351,31480.7,EUR,2025-12-08,2026-01-07,2026-02-08,32,paid
INV-2089,CUST-351,32296.85,EUR,2025-08-06,2025-09-05,2025-10-04,29,paid
INV-2090,CUST-351,19702.98,EUR,2026-01-22,2026-02-21,2026-03-19,26,paid
INV-2091,CUST-351,21188.75,EUR,2025-12-24,2026-01-23,2026-02-27,35,paid
INV-2092,CUST-351,43121.14,EUR,2026-07-09,2026-08-08,2026-08-09,1,paid
INV-2093,CUST-351,40882.72,EUR,2025-09-11,2025-10-11,2025-10-26,15,paid
INV-2094,CUST-352,17291.51,EUR,2025-11-02,2025-12-02,2026-01-10,39,paid
INV-2095,CUST-352,40576.13,EUR,2025-10-17,2025-11-16,2025-12-04,18,paid
INV-2096,CUST-352,34185.81,EUR,2026-06-25,2026-07-25,2026-08-06,12,paid
INV-2097,CUST-352,1063.12,EUR,2025-08-13,2025-09-12,2025-10-15,33,paid
INV-2098,CUST-352,37892.55,EUR,2025-11-29,2025-12-29,2026-01-03,5,paid
INV-2099,CUST-352,12741.73,EUR,2026-06-24,2026-07-24,2026-07-27,3,paid
INV-2100,CUST-352,27069.81,EUR,2026-02-02,2026-03-04,2026-03-22,18,paid
INV-2101,CUST-352,22080.88,EUR,2025-10-06,2025-11-05,2025-11-26,21,paid
INV-2102,CUST-353,33528.9,EUR,2026-05-21,2026-06-20,2026-07-13,23,paid
INV-2103,CUST-353,31809.51,EUR,2026-06-25,2026-07-25,2026-08-11,17,paid
INV-2104,CUST-353,6829.0,EUR,2025-11-11,2025-12-11,2026-01-23,43,paid
INV-2105,CUST-353,38469.7,EUR,2025-08-29,2025-09-28,2025-10-17,19,paid
INV-2106,CUST-354,36408.26,EUR,2026-07-19,2026-08-18,,0,open
INV-2107,CUST-354,31199.64,EUR,2025-09-06,2025-10-06,2025-10-13,7,paid
INV-2108,CUST-354,801.58,EUR,2026-06-18,2026-07-18,2026-07-21,3,paid
INV-2109,CUST-354,5081.37,EUR,2025-10-29,2025-11-28,2025-12-11,13,paid
INV-2110,CUST-354,21739.41,EUR,2026-05-30,2026-06-29,2026-07-13,14,paid
INV-2111,CUST-354,3259.87,EUR,2026-01-03,2026-02-02,2026-02-09,7,paid
INV-2112,CUST-355,22180.4,EUR,2025-12-27,2026-01-26,2026-02-06,11,paid
INV-2113,CUST-355,38004.06,EUR,2026-03-24,2026-04-23,2026-05-27,34,paid
INV-2114,CUST-355,37118.54,EUR,2026-03-11,2026-04-10,2026-05-23,43,paid
INV-2115,CUST-355,38781.67,EUR,2025-12-10,2026-01-09,2026-02-17,39,paid
INV-2116,CUST-355,19910.03,EUR,2026-05-20,2026-06-19,2026-06-24,5,paid
INV-2117,CUST-355,36979.91,EUR,2026-05-11,2026-06-10,2026-07-22,42,paid
INV-2118,CUST-356,23408.96,EUR,2026-04-26,2026-05-26,2026-07-09,44,paid
INV-2119,CUST-356,9655.52,EUR,2025-10-16,2025-11-15,2025-12-15,30,paid
INV-2120,CUST-356,13593.65,EUR,2026-02-24,2026-03-26,2026-04-01,6,paid
INV-2121,CUST-356,22589.01,EUR,2025-09-24,2025-10-24,2025-12-05,42,paid
INV-2122,CUST-356,18090.56,EUR,2026-03-04,2026-04-03,2026-05-17,44,paid
INV-2123,CUST-357,19226.82,EUR,2025-11-27,2025-12-27,2026-01-23,27,paid
INV-2124,CUST-357,2036.3,EUR,2026-05-08,2026-06-07,2026-07-06,29,paid
INV-2125,CUST-357,25738.04,EUR,2026-05-22,2026-06-21,,51,overdue
INV-2126,CUST-357,2306.49,EUR,2026-02-17,2026-03-19,2026-04-29,41,paid
INV-2127,CUST-358,2684.33,EUR,2025-12-07,2026-01-06,2026-01-28,22,paid
INV-2128,CUST-358,21481.49,EUR,2026-05-12,2026-06-11,2026-07-10,29,paid
INV-2129,CUST-358,1203.11,EUR,2026-03-03,2026-04-02,2026-04-12,10,paid
INV-2130,CUST-358,22928.22,EUR,2026-01-20,2026-02-19,2026-03-23,32,paid
INV-2131,CUST-358,16218.47,EUR,2026-04-06,2026-05-06,2026-06-20,45,paid
INV-2132,CUST-358,18065.6,EUR,2025-10-27,2025-11-26,2025-11-30,4,paid
INV-2133,CUST-358,29791.63,EUR,2026-04-24,2026-05-24,2026-06-15,22,paid
INV-2134,CUST-358,32589.04,EUR,2025-08-21,2025-09-20,2025-10-11,21,paid
INV-2135,CUST-359,13102.63,EUR,2026-05-12,2026-06-11,2026-07-23,42,paid
INV-2136,CUST-359,41617.68,EUR,2026-02-17,2026-03-19,2026-03-23,4,paid
INV-2137,CUST-359,22181.51,EUR,2025-08-26,2025-09-25,2025-10-25,30,paid
INV-2138,CUST-359,29926.55,EUR,2025-09-15,2025-10-15,2025-11-20,36,paid
INV-2139,CUST-359,35072.59,EUR,2025-11-05,2025-12-05,2026-01-07,33,paid
INV-2140,CUST-359,6520.45,EUR,2026-03-12,2026-04-11,2026-05-01,20,paid
INV-2141,CUST-359,43019.6,EUR,2025-09-24,2025-10-24,2025-11-15,22,paid
INV-2142,CUST-360,37480.97,EUR,2025-09-09,2025-10-09,2025-10-13,4,paid
INV-2143,CUST-360,2104.87,EUR,2026-06-29,2026-07-29,2026-08-01,3,paid
INV-2144,CUST-360,30204.53,EUR,2026-06-03,2026-07-03,2026-07-24,21,paid
INV-2145,CUST-360,15105.74,EUR,2025-11-21,2025-12-21,2026-01-04,14,paid
INV-2146,CUST-360,5460.09,EUR,2026-03-23,2026-04-22,2026-05-03,11,paid
INV-2147,CUST-360,34206.97,EUR,2026-01-07,2026-02-06,2026-03-04,26,paid
INV-2148,CUST-360,3537.16,EUR,2026-06-20,2026-07-20,2026-07-21,1,paid
INV-2149,CUST-360,20315.56,EUR,2026-06-15,2026-07-15,2026-08-04,20,paid
INV-2150,CUST-361,14995.24,EUR,2026-04-24,2026-05-24,2026-07-07,44,paid
INV-2151,CUST-361,17491.2,EUR,2025-12-04,2026-01-03,2026-02-12,40,paid
INV-2152,CUST-361,25395.9,EUR,2025-10-02,2025-11-01,2025-11-13,12,paid
INV-2153,CUST-361,22506.75,EUR,2026-03-15,2026-04-14,2026-05-27,43,paid
INV-2154,CUST-362,9692.72,EUR,2026-03-29,2026-04-28,2026-05-08,10,paid
INV-2155,CUST-362,36771.63,EUR,2025-12-12,2026-01-11,2026-01-23,12,paid
INV-2156,CUST-362,26529.17,EUR,2026-06-08,2026-07-08,2026-07-29,21,paid
INV-2157,CUST-362,9796.45,EUR,2026-06-03,2026-07-03,2026-07-31,28,paid
INV-2158,CUST-362,16692.6,EUR,2026-07-20,2026-08-19,,0,open
INV-2159,CUST-362,25918.64,EUR,2025-12-26,2026-01-25,2026-01-29,4,paid
INV-2160,CUST-363,30960.37,EUR,2026-04-19,2026-05-19,2026-06-29,41,paid
INV-2161,CUST-363,22730.96,EUR,2025-10-25,2025-11-24,2025-12-07,13,paid
INV-2162,CUST-363,37378.85,EUR,2025-10-03,2025-11-02,2025-12-04,32,paid
INV-2163,CUST-363,16556.65,EUR,2026-01-23,2026-02-22,2026-03-29,35,paid
INV-2164,CUST-363,36230.54,EUR,2026-05-13,2026-06-12,2026-07-02,20,paid
INV-2165,CUST-363,39429.78,EUR,2026-01-11,2026-02-10,2026-03-18,36,paid
INV-2166,CUST-364,35381.52,EUR,2026-05-18,2026-06-17,2026-06-20,3,paid
INV-2167,CUST-364,10991.35,EUR,2025-11-09,2025-12-09,2026-01-16,38,paid
INV-2168,CUST-364,15426.65,EUR,2025-10-19,2025-11-18,2025-12-02,14,paid
INV-2169,CUST-364,41564.48,EUR,2026-02-24,2026-03-26,2026-04-11,16,paid
INV-2170,CUST-365,16619.41,EUR,2025-07-27,2025-08-26,2025-09-05,10,paid
INV-2171,CUST-365,4105.15,EUR,2026-02-25,2026-03-27,2026-05-02,36,paid
INV-2172,CUST-365,38511.23,EUR,2026-03-21,2026-04-20,2026-05-29,39,paid
INV-2173,CUST-365,14600.98,EUR,2025-11-08,2025-12-08,2026-01-16,39,paid
INV-2174,CUST-365,24930.62,EUR,2026-06-23,2026-07-23,2026-08-10,18,paid
INV-2175,CUST-365,42212.17,EUR,2025-11-23,2025-12-23,2026-01-08,16,paid
INV-2176,CUST-365,2125.03,EUR,2025-08-22,2025-09-21,2025-10-12,21,paid
INV-2177,CUST-366,9662.6,EUR,2026-03-11,2026-04-10,2026-04-13,3,paid
INV-2178,CUST-366,9827.11,EUR,2026-05-12,2026-06-11,2026-07-02,21,paid
INV-2179,CUST-366,41124.52,EUR,2025-08-17,2025-09-16,2025-09-19,3,paid
INV-2180,CUST-366,22615.14,EUR,2026-03-24,2026-04-23,2026-05-29,36,paid
INV-2181,CUST-366,31876.61,EUR,2025-09-13,2025-10-13,2025-10-15,2,paid
INV-2182,CUST-366,44162.68,EUR,2026-01-26,2026-02-25,2026-03-23,26,paid
INV-2183,CUST-366,33476.59,EUR,2025-09-19,2025-10-19,2025-10-24,5,paid
INV-2184,CUST-367,12756.47,EUR,2025-10-23,2025-11-22,2025-11-26,4,paid
INV-2185,CUST-367,2373.52,EUR,2026-02-12,2026-03-14,2026-03-17,3,paid
INV-2186,CUST-367,29544.89,EUR,2025-10-16,2025-11-15,2025-11-22,7,paid
INV-2187,CUST-367,14211.09,EUR,2025-11-04,2025-12-04,2025-12-19,15,paid
INV-2188,CUST-367,41961.1,EUR,2025-12-26,2026-01-25,2026-01-25,0,paid
INV-2189,CUST-367,36662.25,EUR,2026-03-19,2026-04-18,,115,overdue
INV-2190,CUST-367,24411.02,EUR,2026-03-20,2026-04-19,,114,overdue
INV-2191,CUST-367,38825.02,EUR,2026-05-07,2026-06-06,,66,overdue
INV-2192,CUST-368,22112.06,EUR,2025-10-13,2025-11-12,2025-12-06,24,paid
INV-2193,CUST-368,31538.47,EUR,2026-01-10,2026-02-09,2026-03-08,27,paid
INV-2194,CUST-368,19666.04,EUR,2025-07-28,2025-08-27,2025-09-04,8,paid
INV-2195,CUST-368,20157.52,EUR,2026-05-24,2026-06-23,2026-07-21,28,paid
INV-2196,CUST-369,9359.14,EUR,2026-01-23,2026-02-22,2026-03-21,27,paid
INV-2197,CUST-369,11327.12,EUR,2026-06-23,2026-07-23,,19,overdue
INV-2198,CUST-369,10838.96,EUR,2026-07-17,2026-08-16,,0,open
INV-2199,CUST-369,25907.75,EUR,2025-10-21,2025-11-20,2025-11-20,0,paid
INV-2200,CUST-369,36717.89,EUR,2026-03-17,2026-04-16,2026-04-20,4,paid
INV-2201,CUST-369,6400.84,EUR,2026-06-23,2026-07-23,2026-07-24,1,paid
INV-2202,CUST-370,27426.79,EUR,2026-01-24,2026-02-23,2026-03-10,15,paid
INV-2203,CUST-370,6533.46,EUR,2026-02-23,2026-03-25,2026-04-19,25,paid
INV-2204,CUST-370,29865.16,EUR,2025-11-19,2025-12-19,2026-01-30,42,paid
INV-2205,CUST-370,4175.9,EUR,2026-06-13,2026-07-13,2026-07-19,6,paid
INV-2206,CUST-370,31972.28,EUR,2025-11-11,2025-12-11,2026-01-02,22,paid
INV-2207,CUST-370,20404.55,EUR,2026-04-01,2026-05-01,2026-05-20,19,paid
INV-2208,CUST-371,13736.61,EUR,2025-10-13,2025-11-12,2025-12-23,41,paid
INV-2209,CUST-371,24086.51,EUR,2026-03-19,2026-04-18,2026-05-05,17,paid
INV-2210,CUST-371,31641.51,EUR,2026-02-09,2026-03-11,2026-04-12,32,paid
INV-2211,CUST-371,3186.69,EUR,2026-05-30,2026-06-29,2026-07-21,22,paid
INV-2212,CUST-371,22290.38,EUR,2025-09-07,2025-10-07,2025-10-12,5,paid
INV-2213,CUST-371,41112.58,EUR,2026-04-09,2026-05-09,2026-06-11,33,paid
INV-2214,CUST-372,33592.36,EUR,2026-02-16,2026-03-18,2026-03-31,13,paid
INV-2215,CUST-372,17259.64,EUR,2026-05-21,2026-06-20,2026-06-24,4,paid
INV-2216,CUST-372,44023.61,EUR,2026-07-04,2026-08-03,2026-08-10,7,paid
INV-2217,CUST-372,1741.0,EUR,2026-05-25,2026-06-24,2026-07-02,8,paid
INV-2218,CUST-372,26800.21,EUR,2026-03-02,2026-04-01,2026-04-20,19,paid
INV-2219,CUST-373,13135.89,EUR,2026-06-22,2026-07-22,2026-08-06,15,paid
INV-2220,CUST-373,38934.56,EUR,2026-07-13,2026-08-12,,0,open
INV-2221,CUST-373,20425.67,EUR,2026-01-07,2026-02-06,2026-02-20,14,paid
INV-2222,CUST-373,17566.25,EUR,2026-04-08,2026-05-08,2026-06-19,42,paid
INV-2223,CUST-374,3109.88,EUR,2025-10-23,2025-11-22,2025-12-11,19,paid
INV-2224,CUST-374,24736.47,EUR,2026-07-06,2026-08-05,2026-08-05,0,paid
INV-2225,CUST-374,34147.93,EUR,2025-09-14,2025-10-14,2025-11-04,21,paid
INV-2226,CUST-374,36612.77,EUR,2026-03-10,2026-04-09,2026-05-16,37,paid
INV-2227,CUST-374,34270.55,EUR,2026-04-03,2026-05-03,2026-05-24,21,paid
INV-2228,CUST-374,19986.16,EUR,2025-09-07,2025-10-07,2025-11-03,27,paid
INV-2229,CUST-374,36486.93,EUR,2026-06-23,2026-07-23,2026-08-01,9,paid
INV-2230,CUST-375,19533.51,EUR,2025-11-27,2025-12-27,2026-02-01,36,paid
INV-2231,CUST-375,12296.45,EUR,2025-10-30,2025-11-29,2025-12-23,24,paid
INV-2232,CUST-375,33757.02,EUR,2025-11-25,2025-12-25,2026-01-09,15,paid
INV-2233,CUST-375,40920.9,EUR,2026-05-16,2026-06-15,2026-07-06,21,paid
INV-2234,CUST-375,4580.73,EUR,2026-03-04,2026-04-03,2026-04-18,15,paid
INV-2235,CUST-375,13875.46,EUR,2025-10-18,2025-11-17,2025-12-23,36,paid
INV-2236,CUST-375,2506.39,EUR,2026-01-01,2026-01-31,2026-02-17,17,paid
INV-2237,CUST-375,12678.63,EUR,2026-01-18,2026-02-17,2026-03-05,16,paid
INV-2238,CUST-376,6294.34,EUR,2026-07-16,2026-08-15,,0,open
INV-2239,CUST-376,30006.32,EUR,2025-10-04,2025-11-03,2025-11-19,16,paid
INV-2240,CUST-376,20416.34,EUR,2026-04-22,2026-05-22,2026-05-23,1,paid
INV-2241,CUST-376,1192.09,EUR,2025-12-09,2026-01-08,2026-01-10,2,paid
INV-2242,CUST-376,22025.19,EUR,2026-01-20,2026-02-19,2026-03-26,35,paid
INV-2243,CUST-376,18860.6,EUR,2026-04-02,2026-05-02,2026-06-08,37,paid
INV-2244,CUST-376,13018.9,EUR,2026-06-12,2026-07-12,2026-07-22,10,paid
INV-2245,CUST-376,20267.43,EUR,2026-06-20,2026-07-20,2026-07-28,8,paid
INV-2246,CUST-377,6423.23,EUR,2025-11-11,2025-12-11,2026-01-20,40,paid
INV-2247,CUST-377,7293.06,EUR,2026-04-24,2026-05-24,2026-07-02,39,paid
INV-2248,CUST-377,2991.42,EUR,2025-08-21,2025-09-20,2025-09-27,7,paid
INV-2249,CUST-377,2501.78,EUR,2025-08-21,2025-09-20,2025-11-02,43,paid
INV-2250,CUST-377,38837.21,EUR,2025-11-05,2025-12-05,2026-01-11,37,paid
INV-2251,CUST-377,2654.44,EUR,2026-02-10,2026-03-12,2026-04-26,45,paid
INV-2252,CUST-378,42865.31,EUR,2026-06-21,2026-07-21,2026-07-29,8,paid
INV-2253,CUST-378,30784.74,EUR,2026-07-14,2026-08-13,,0,open
INV-2254,CUST-378,24687.51,EUR,2026-01-23,2026-02-22,2026-02-24,2,paid
INV-2255,CUST-378,11173.6,EUR,2025-09-18,2025-10-18,2025-10-24,6,paid
INV-2256,CUST-378,23206.66,EUR,2026-06-13,2026-07-13,2026-07-15,2,paid
INV-2257,CUST-379,15199.88,EUR,2026-04-09,2026-05-09,2026-06-01,23,paid
INV-2258,CUST-379,19185.86,EUR,2025-08-08,2025-09-07,2025-10-18,41,paid
INV-2259,CUST-379,39512.71,EUR,2025-12-16,2026-01-15,2026-01-24,9,paid
INV-2260,CUST-379,15233.09,EUR,2026-07-10,2026-08-09,2026-08-10,1,paid
INV-2261,CUST-379,40464.74,EUR,2025-12-26,2026-01-25,2026-02-17,23,paid
INV-2262,CUST-380,28288.7,EUR,2026-02-22,2026-03-24,2026-04-03,10,paid
INV-2263,CUST-380,2771.79,EUR,2026-01-15,2026-02-14,2026-02-23,9,paid
INV-2264,CUST-380,1928.66,EUR,2025-09-23,2025-10-23,2025-11-30,38,paid
INV-2265,CUST-380,36515.11,EUR,2026-04-05,2026-05-05,2026-06-06,32,paid
INV-2266,CUST-380,35429.25,EUR,2025-11-04,2025-12-04,2026-01-18,45,paid
INV-2267,CUST-380,42345.34,EUR,2026-01-27,2026-02-26,2026-03-22,24,paid
INV-2268,CUST-380,2240.9,EUR,2025-09-27,2025-10-27,2025-11-05,9,paid
INV-2269,CUST-381,4267.27,EUR,2025-08-24,2025-09-23,2025-09-27,4,paid
INV-2270,CUST-381,25790.79,EUR,2026-03-30,2026-04-29,2026-06-04,36,paid
INV-2271,CUST-381,25031.9,EUR,2025-09-03,2025-10-03,2025-10-29,26,paid
INV-2272,CUST-381,33200.62,EUR,2025-10-20,2025-11-19,2025-12-22,33,paid
INV-2273,CUST-381,27633.91,EUR,2026-06-26,2026-07-26,2026-08-11,16,paid
INV-2274,CUST-381,14808.72,EUR,2025-12-09,2026-01-08,2026-01-20,12,paid
INV-2275,CUST-381,13753.49,EUR,2025-10-01,2025-10-31,2025-11-15,15,paid
INV-2276,CUST-382,36116.06,EUR,2026-03-20,2026-04-19,2026-05-12,23,paid
INV-2277,CUST-382,20947.3,EUR,2026-03-26,2026-04-25,2026-05-02,7,paid
INV-2278,CUST-382,11454.25,EUR,2025-08-02,2025-09-01,2025-09-27,26,paid
INV-2279,CUST-382,4322.3,EUR,2026-01-18,2026-02-17,2026-03-24,35,paid
INV-2280,CUST-382,4178.81,EUR,2025-11-06,2025-12-06,2025-12-29,23,paid
INV-2281,CUST-382,22199.63,EUR,2025-08-22,2025-09-21,2025-10-05,14,paid
INV-2282,CUST-383,10955.54,EUR,2025-12-20,2026-01-19,2026-01-27,8,paid
INV-2283,CUST-383,11626.52,EUR,2025-10-20,2025-11-19,2025-12-15,26,paid
INV-2284,CUST-383,26646.19,EUR,2025-08-11,2025-09-10,2025-09-18,8,paid
INV-2285,CUST-383,12304.33,EUR,2025-09-15,2025-10-15,2025-11-02,18,paid
INV-2286,CUST-383,14671.92,EUR,2026-01-29,2026-02-28,2026-03-05,5,paid
INV-2287,CUST-383,19409.2,EUR,2025-12-25,2026-01-24,2026-02-02,9,paid
INV-2288,CUST-383,22643.65,EUR,2025-10-01,2025-10-31,2025-11-12,12,paid
INV-2289,CUST-384,1485.64,EUR,2025-12-02,2026-01-01,2026-01-08,7,paid
INV-2290,CUST-384,12441.22,EUR,2025-12-20,2026-01-19,2026-02-23,35,paid
INV-2291,CUST-384,33634.15,EUR,2025-11-24,2025-12-24,2026-01-01,8,paid
INV-2292,CUST-384,37656.55,EUR,2026-07-05,2026-08-04,,7,overdue
INV-2293,CUST-384,44555.06,EUR,2026-04-28,2026-05-28,2026-06-05,8,paid
INV-2294,CUST-385,41403.14,EUR,2025-10-24,2025-11-23,2025-12-20,27,paid
INV-2295,CUST-385,6433.42,EUR,2026-01-22,2026-02-21,2026-04-06,44,paid
INV-2296,CUST-385,11471.42,EUR,2025-10-10,2025-11-09,2025-11-27,18,paid
INV-2297,CUST-385,15686.93,EUR,2026-05-23,2026-06-22,2026-07-02,10,paid
INV-2298,CUST-385,27707.08,EUR,2025-09-23,2025-10-23,2025-10-29,6,paid
INV-2299,CUST-385,4059.86,EUR,2026-06-29,2026-07-29,2026-08-05,7,paid
INV-2300,CUST-385,28682.77,EUR,2025-12-25,2026-01-24,2026-02-20,27,paid
INV-2301,CUST-385,34288.57,EUR,2026-02-24,2026-03-26,2026-05-09,44,paid
INV-2302,CUST-386,32787.87,EUR,2026-04-20,2026-05-20,2026-06-26,37,paid
INV-2303,CUST-386,4503.5,EUR,2025-11-04,2025-12-04,2025-12-04,0,paid
INV-2304,CUST-386,27012.73,EUR,2025-09-22,2025-10-22,2025-12-04,43,paid
INV-2305,CUST-386,20845.9,EUR,2025-08-24,2025-09-23,2025-10-13,20,paid
INV-2306,CUST-386,8611.12,EUR,2025-12-10,2026-01-09,2026-02-15,37,paid
INV-2307,CUST-387,11066.05,EUR,2026-06-03,2026-07-03,2026-07-04,1,paid
INV-2308,CUST-387,23681.35,EUR,2025-10-07,2025-11-06,2025-12-09,33,paid
INV-2309,CUST-387,23263.67,EUR,2025-09-29,2025-10-29,2025-11-25,27,paid
INV-2310,CUST-387,15067.76,EUR,2026-02-26,2026-03-28,2026-04-17,20,paid
INV-2311,CUST-387,42945.3,EUR,2026-04-22,2026-05-22,2026-05-24,2,paid
INV-2312,CUST-387,19829.76,EUR,2026-04-06,2026-05-06,2026-05-23,17,paid
INV-2313,CUST-388,14695.04,EUR,2025-09-10,2025-10-10,2025-11-01,22,paid
INV-2314,CUST-388,8119.19,EUR,2026-02-27,2026-03-29,2026-04-16,18,paid
INV-2315,CUST-388,22309.3,EUR,2026-03-04,2026-04-03,2026-04-17,14,paid
INV-2316,CUST-388,13550.76,EUR,2026-04-27,2026-05-27,2026-06-12,16,paid
INV-2317,CUST-388,34103.32,EUR,2025-09-15,2025-10-15,2025-10-29,14,paid
INV-2318,CUST-388,13115.39,EUR,2025-08-15,2025-09-14,2025-09-20,6,paid
INV-2319,CUST-388,25205.62,EUR,2026-04-08,2026-05-08,2026-06-09,32,paid
INV-2320,CUST-388,2008.88,EUR,2026-04-27,2026-05-27,2026-05-29,2,paid
INV-2321,CUST-389,36115.45,EUR,2025-10-20,2025-11-19,2025-11-19,0,paid
INV-2322,CUST-389,37596.7,EUR,2025-11-14,2025-12-14,2025-12-15,1,paid
INV-2323,CUST-389,9778.83,EUR,2026-01-14,2026-02-13,2026-03-21,36,paid
INV-2324,CUST-389,33158.35,EUR,2025-12-16,2026-01-15,2026-02-17,33,paid
INV-2325,CUST-389,37531.87,EUR,2026-05-19,2026-06-18,2026-06-21,3,paid
INV-2326,CUST-389,20442.7,EUR,2026-05-22,2026-06-21,2026-06-29,8,paid
INV-2327,CUST-389,39011.02,EUR,2026-06-08,2026-07-08,2026-07-31,23,paid
INV-2328,CUST-389,5947.65,EUR,2025-08-14,2025-09-13,2025-10-05,22,paid
INV-2329,CUST-390,32949.38,EUR,2026-03-31,2026-04-30,2026-05-20,20,paid
INV-2330,CUST-390,23212.06,EUR,2026-05-03,2026-06-02,2026-06-19,17,paid
INV-2331,CUST-390,28673.58,EUR,2025-12-02,2026-01-01,2026-02-02,32,paid
INV-2332,CUST-390,35145.41,EUR,2025-08-12,2025-09-11,2025-10-26,45,paid
INV-2333,CUST-391,19955.29,EUR,2026-07-03,2026-08-02,2026-08-10,8,paid
INV-2334,CUST-391,9215.62,EUR,2026-02-10,2026-03-12,2026-04-16,35,paid
INV-2335,CUST-391,37823.47,EUR,2025-08-18,2025-09-17,2025-10-27,40,paid
INV-2336,CUST-391,42753.87,EUR,2026-07-04,2026-08-03,2026-08-06,3,paid
INV-2337,CUST-391,26716.38,EUR,2026-05-13,2026-06-12,2026-06-19,7,paid
INV-2338,CUST-391,9448.98,EUR,2025-08-12,2025-09-11,2025-10-11,30,paid
INV-2339,CUST-392,36773.0,EUR,2025-11-16,2025-12-16,2026-01-16,31,paid
INV-2340,CUST-392,6625.2,EUR,2026-02-28,2026-03-30,2026-05-09,40,paid
INV-2341,CUST-392,42826.81,EUR,2026-06-07,2026-07-07,2026-07-30,23,paid
INV-2342,CUST-392,941.34,EUR,2026-04-04,2026-05-04,2026-05-08,4,paid
INV-2343,CUST-392,25451.98,EUR,2025-11-13,2025-12-13,2025-12-26,13,paid
INV-2344,CUST-393,19282.64,EUR,2026-07-03,2026-08-02,2026-08-08,6,paid
INV-2345,CUST-393,26608.33,EUR,2025-09-02,2025-10-02,2025-11-11,40,paid
INV-2346,CUST-393,22203.1,EUR,2026-01-25,2026-02-24,2026-04-07,42,paid
INV-2347,CUST-393,39602.72,EUR,2026-04-21,2026-05-21,2026-06-04,14,paid
INV-2348,CUST-393,30324.53,EUR,2026-02-23,2026-03-25,2026-04-25,31,paid
INV-2349,CUST-394,16585.05,EUR,2025-09-19,2025-10-19,2025-11-18,30,paid
INV-2350,CUST-394,5066.77,EUR,2026-02-21,2026-03-23,2026-03-30,7,paid
INV-2351,CUST-394,19346.06,EUR,2026-02-25,2026-03-27,2026-04-24,28,paid
INV-2352,CUST-394,11734.91,EUR,2026-02-06,2026-03-08,2026-04-04,27,paid
INV-2353,CUST-394,8587.79,EUR,2026-05-24,2026-06-23,2026-07-14,21,paid
INV-2354,CUST-394,16162.97,EUR,2026-05-25,2026-06-24,2026-06-28,4,paid
INV-2355,CUST-394,37933.34,EUR,2025-11-17,2025-12-17,2026-01-17,31,paid
INV-2356,CUST-395,31175.21,EUR,2025-12-24,2026-01-23,2026-01-24,1,paid
INV-2357,CUST-395,12642.23,EUR,2026-02-24,2026-03-26,2026-04-08,13,paid
INV-2358,CUST-395,3487.5,EUR,2025-12-25,2026-01-24,2026-02-13,20,paid
INV-2359,CUST-395,30634.52,EUR,2026-03-11,2026-04-10,2026-05-06,26,paid
INV-2360,CUST-395,36559.15,EUR,2026-01-03,2026-02-02,2026-03-01,27,paid
INV-2361,CUST-395,12322.91,EUR,2025-12-30,2026-01-29,2026-02-01,3,paid
INV-2362,CUST-395,22259.34,EUR,2026-03-07,2026-04-06,2026-04-20,14,paid
INV-2363,CUST-395,28922.97,EUR,2026-01-30,2026-03-01,2026-03-03,2,paid
INV-2364,CUST-396,18913.67,EUR,2025-12-05,2026-01-04,2026-02-09,36,paid
INV-2365,CUST-396,24491.78,EUR,2026-04-28,2026-05-28,2026-07-07,40,paid
INV-2366,CUST-396,42696.2,EUR,2026-05-27,2026-06-26,2026-07-06,10,paid
INV-2367,CUST-396,27539.29,EUR,2026-05-17,2026-06-16,,56,overdue
INV-2368,CUST-396,36266.65,EUR,2026-07-12,2026-08-11,,0,open
INV-2369,CUST-396,35295.16,EUR,2026-06-06,2026-07-06,2026-07-17,11,paid
INV-2370,CUST-397,29747.98,EUR,2026-06-20,2026-07-20,2026-07-31,11,paid
INV-2371,CUST-397,9571.04,EUR,2025-10-21,2025-11-20,2025-11-30,10,paid
INV-2372,CUST-397,18282.26,EUR,2025-10-21,2025-11-20,2026-01-04,45,paid
INV-2373,CUST-397,13626.29,EUR,2026-03-27,2026-04-26,2026-05-06,10,paid
INV-2374,CUST-397,15452.39,EUR,2026-01-12,2026-02-11,2026-02-24,13,paid
INV-2375,CUST-397,33213.38,EUR,2025-10-12,2025-11-11,2025-11-11,0,paid
INV-2376,CUST-397,38170.3,EUR,2026-07-04,2026-08-03,2026-08-11,8,paid
INV-2377,CUST-397,22966.27,EUR,2026-05-31,2026-06-30,2026-07-01,1,paid
INV-2378,CUST-398,1871.6,EUR,2025-12-12,2026-01-11,2026-01-20,9,paid
INV-2379,CUST-398,2292.99,EUR,2025-09-14,2025-10-14,2025-10-21,7,paid
INV-2380,CUST-398,35455.17,EUR,2026-03-17,2026-04-16,,117,overdue
INV-2381,CUST-398,29763.2,EUR,2026-03-22,2026-04-21,,112,overdue
INV-2382,CUST-398,6598.74,EUR,2026-05-01,2026-05-31,,72,overdue
INV-2383,CUST-399,4182.5,EUR,2026-06-09,2026-07-09,2026-07-31,22,paid
INV-2384,CUST-399,1690.81,EUR,2025-12-22,2026-01-21,2026-02-24,34,paid
INV-2385,CUST-399,41418.68,EUR,2025-09-16,2025-10-16,2025-10-22,6,paid
INV-2386,CUST-399,35833.8,EUR,2025-09-24,2025-10-24,2025-11-05,12,paid
INV-2387,CUST-399,38781.2,EUR,2025-09-15,2025-10-15,2025-11-04,20,paid
INV-2388,CUST-399,23446.12,EUR,2025-12-17,2026-01-16,2026-01-17,1,paid
INV-2389,CUST-400,21083.63,EUR,2026-03-04,2026-04-03,2026-04-09,6,paid
INV-2390,CUST-400,43641.4,EUR,2026-03-09,2026-04-08,2026-05-14,36,paid
INV-2391,CUST-400,17444.87,EUR,2025-11-23,2025-12-23,2026-01-19,27,paid
INV-2392,CUST-400,10623.58,EUR,2026-06-05,2026-07-05,2026-07-13,8,paid
INV-2393,CUST-400,13371.5,EUR,2025-11-17,2025-12-17,2026-01-30,44,paid
INV-2394,CUST-400,23191.43,EUR,2025-10-22,2025-11-21,2025-12-15,24,paid
INV-2395,CUST-401,32958.04,EUR,2025-11-10,2025-12-10,2026-01-02,23,paid
INV-2396,CUST-401,32384.38,EUR,2025-10-16,2025-11-15,2025-12-13,28,paid
INV-2397,CUST-401,26342.27,EUR,2026-03-30,2026-04-29,2026-04-30,1,paid
INV-2398,CUST-401,34887.3,EUR,2025-12-31,2026-01-30,2026-02-27,28,paid
INV-2399,CUST-402,25691.37,EUR,2025-11-20,2025-12-20,2026-01-30,41,paid
INV-2400,CUST-402,15493.65,EUR,2026-02-13,2026-03-15,2026-04-24,40,paid
INV-2401,CUST-402,5016.2,EUR,2026-06-10,2026-07-10,2026-08-06,27,paid
INV-2402,CUST-402,27028.7,EUR,2025-11-14,2025-12-14,2025-12-19,5,paid
INV-2403,CUST-402,18621.22,EUR,2026-05-11,2026-06-10,2026-07-10,30,paid
INV-2404,CUST-402,32758.03,EUR,2025-10-28,2025-11-27,2026-01-02,36,paid
INV-2405,CUST-403,34719.45,EUR,2026-06-22,2026-07-22,2026-07-31,9,paid
INV-2406,CUST-403,37677.1,EUR,2026-01-31,2026-03-02,2026-03-04,2,paid
INV-2407,CUST-403,31253.69,EUR,2026-02-08,2026-03-10,2026-04-17,38,paid
INV-2408,CUST-403,39317.11,EUR,2025-12-26,2026-01-25,2026-02-11,17,paid
INV-2409,CUST-403,10047.71,EUR,2025-08-03,2025-09-02,2025-10-07,35,paid
INV-2410,CUST-404,22891.84,EUR,2025-10-16,2025-11-15,2025-12-26,41,paid
INV-2411,CUST-404,15025.24,EUR,2026-03-24,2026-04-23,2026-06-07,45,paid
INV-2412,CUST-404,23537.86,EUR,2025-11-17,2025-12-17,2025-12-22,5,paid
INV-2413,CUST-404,19616.03,EUR,2026-05-30,2026-06-29,,43,overdue
INV-2414,CUST-404,34254.39,EUR,2026-05-18,2026-06-17,2026-07-10,23,paid
INV-2415,CUST-404,8145.91,EUR,2026-05-21,2026-06-20,2026-06-23,3,paid
INV-2416,CUST-404,39939.23,EUR,2026-07-03,2026-08-02,2026-08-10,8,paid
INV-2417,CUST-405,33905.51,EUR,2026-05-12,2026-06-11,2026-07-16,35,paid
INV-2418,CUST-405,18453.73,EUR,2025-12-20,2026-01-19,2026-02-06,18,paid
INV-2419,CUST-405,20048.19,EUR,2026-05-23,2026-06-22,2026-07-21,29,paid
INV-2420,CUST-405,12782.96,EUR,2025-08-10,2025-09-09,2025-09-29,20,paid
INV-2421,CUST-405,40117.89,EUR,2025-09-11,2025-10-11,2025-11-16,36,paid
INV-2422,CUST-405,8134.8,EUR,2025-08-24,2025-09-23,2025-10-11,18,paid
INV-2423,CUST-405,31078.06,EUR,2025-10-28,2025-11-27,2026-01-05,39,paid
INV-2424,CUST-406,27519.69,EUR,2025-10-30,2025-11-29,2025-12-29,30,paid
INV-2425,CUST-406,10109.28,EUR,2025-11-28,2025-12-28,2026-01-18,21,paid
INV-2426,CUST-406,8059.33,EUR,2026-05-14,2026-06-13,2026-06-28,15,paid
INV-2427,CUST-406,14841.81,EUR,2026-07-17,2026-08-16,,0,open
INV-2428,CUST-406,7445.43,EUR,2026-04-22,2026-05-22,2026-05-26,4,paid
INV-2429,CUST-406,14583.35,EUR,2026-07-20,2026-08-19,,0,open
INV-2430,CUST-407,31476.8,EUR,2026-04-11,2026-05-11,2026-06-14,34,paid
INV-2431,CUST-407,15431.75,EUR,2025-11-30,2025-12-30,2026-01-02,3,paid
INV-2432,CUST-407,21516.28,EUR,2025-09-06,2025-10-06,2025-10-16,10,paid
INV-2433,CUST-407,16290.01,EUR,2026-06-18,2026-07-18,2026-07-25,7,paid
INV-2434,CUST-407,28593.92,EUR,2026-01-27,2026-02-26,2026-03-10,12,paid
INV-2435,CUST-408,37077.35,EUR,2026-02-27,2026-03-29,2026-04-25,27,paid
INV-2436,CUST-408,33036.08,EUR,2025-09-26,2025-10-26,2025-11-18,23,paid
INV-2437,CUST-408,34700.91,EUR,2025-09-06,2025-10-06,2025-10-22,16,paid
INV-2438,CUST-408,24712.95,EUR,2025-10-08,2025-11-07,2025-12-19,42,paid
INV-2439,CUST-408,4224.44,EUR,2026-04-10,2026-05-10,2026-05-19,9,paid
INV-2440,CUST-408,33095.09,EUR,2026-05-31,2026-06-30,2026-07-08,8,paid
INV-2441,CUST-409,6400.32,EUR,2026-05-31,2026-06-30,2026-07-20,20,paid
INV-2442,CUST-409,15393.08,EUR,2026-01-07,2026-02-06,2026-03-15,37,paid
INV-2443,CUST-409,13053.9,EUR,2025-09-16,2025-10-16,2025-11-24,39,paid
INV-2444,CUST-409,40987.95,EUR,2025-08-14,2025-09-13,2025-09-26,13,paid
INV-2445,CUST-409,918.05,EUR,2026-04-27,2026-05-27,2026-06-10,14,paid
INV-2446,CUST-409,4837.15,EUR,2026-04-03,2026-05-03,2026-06-11,39,paid
INV-2447,CUST-409,7135.33,EUR,2026-05-08,2026-06-07,2026-07-07,30,paid
INV-2448,CUST-409,15091.53,EUR,2026-07-22,2026-08-21,,0,open
INV-2449,CUST-410,23417.37,EUR,2026-05-13,2026-06-12,2026-07-03,21,paid
INV-2450,CUST-410,15257.35,EUR,2025-11-23,2025-12-23,2026-01-24,32,paid
INV-2451,CUST-410,11442.16,EUR,2026-05-23,2026-06-22,2026-07-16,24,paid
INV-2452,CUST-410,32016.01,EUR,2026-01-06,2026-02-05,2026-02-27,22,paid
INV-2453,CUST-411,14810.16,EUR,2025-10-28,2025-11-27,2025-12-02,5,paid
INV-2454,CUST-411,38024.85,EUR,2025-09-16,2025-10-16,2025-10-26,10,paid
INV-2455,CUST-411,37645.34,EUR,2025-09-01,2025-10-01,2025-11-15,45,paid
INV-2456,CUST-411,37922.52,EUR,2026-05-10,2026-06-09,2026-07-14,35,paid
INV-2457,CUST-411,22462.13,EUR,2025-12-08,2026-01-07,2026-01-23,16,paid
INV-2458,CUST-411,6114.6,EUR,2025-08-06,2025-09-05,2025-10-02,27,paid
INV-2459,CUST-412,1918.06,EUR,2026-04-22,2026-05-22,2026-06-14,23,paid
INV-2460,CUST-412,34866.92,EUR,2025-11-26,2025-12-26,2026-01-17,22,paid
INV-2461,CUST-412,10249.07,EUR,2025-12-17,2026-01-16,2026-02-20,35,paid
INV-2462,CUST-412,17704.62,EUR,2026-04-16,2026-05-16,2026-05-27,11,paid
INV-2463,CUST-412,9455.95,EUR,2026-07-17,2026-08-16,,0,open
INV-2464,CUST-412,24049.31,EUR,2026-01-19,2026-02-18,2026-02-18,0,paid
INV-2465,CUST-413,15317.56,EUR,2026-02-14,2026-03-16,2026-04-08,23,paid
INV-2466,CUST-413,23023.47,EUR,2026-03-15,2026-04-14,2026-04-14,0,paid
INV-2467,CUST-413,12867.83,EUR,2025-09-15,2025-10-15,2025-11-25,41,paid
INV-2468,CUST-413,29161.99,EUR,2026-03-04,2026-04-03,2026-04-28,25,paid
INV-2469,CUST-413,44811.61,EUR,2026-06-30,2026-07-30,2026-08-03,4,paid
INV-2470,CUST-413,3329.43,EUR,2025-09-05,2025-10-05,2025-11-10,36,paid
INV-2471,CUST-413,38952.79,EUR,2026-07-07,2026-08-06,2026-08-10,4,paid
INV-2472,CUST-413,20888.05,EUR,2025-09-02,2025-10-02,2025-10-13,11,paid
INV-2473,CUST-414,33975.92,EUR,2025-08-25,2025-09-24,2025-09-30,6,paid
INV-2474,CUST-414,17133.4,EUR,2026-07-03,2026-08-02,2026-08-04,2,paid
INV-2475,CUST-414,39294.36,EUR,2026-04-23,2026-05-23,2026-05-31,8,paid
INV-2476,CUST-414,19345.11,EUR,2026-06-10,2026-07-10,2026-07-11,1,paid
INV-2477,CUST-414,28976.53,EUR,2025-12-07,2026-01-06,2026-01-09,3,paid
INV-2478,CUST-414,5108.42,EUR,2026-02-12,2026-03-14,2026-04-17,34,paid
INV-2479,CUST-414,44266.43,EUR,2026-03-02,2026-04-01,2026-04-13,12,paid
INV-2480,CUST-415,15503.79,EUR,2026-07-14,2026-08-13,,0,open
INV-2481,CUST-415,38291.77,EUR,2025-08-12,2025-09-11,2025-10-01,20,paid
INV-2482,CUST-415,40833.03,EUR,2026-04-27,2026-05-27,2026-07-03,37,paid
INV-2483,CUST-415,23622.25,EUR,2026-01-16,2026-02-15,2026-03-29,42,paid
INV-2484,CUST-415,19203.94,EUR,2025-12-28,2026-01-27,2026-03-10,42,paid
INV-2485,CUST-415,3517.57,EUR,2025-08-14,2025-09-13,2025-09-25,12,paid
INV-2486,CUST-415,7320.12,EUR,2025-11-08,2025-12-08,2025-12-25,17,paid
INV-2487,CUST-415,8428.27,EUR,2026-06-10,2026-07-10,,32,overdue
INV-2488,CUST-416,31241.28,EUR,2026-04-12,2026-05-12,2026-06-07,26,paid
INV-2489,CUST-416,28880.25,EUR,2026-04-25,2026-05-25,2026-05-25,0,paid
INV-2490,CUST-416,12900.33,EUR,2026-02-13,2026-03-15,2026-04-06,22,paid
INV-2491,CUST-416,15892.2,EUR,2026-05-23,2026-06-22,2026-07-14,22,paid
INV-2492,CUST-416,25825.57,EUR,2026-06-08,2026-07-08,2026-07-11,3,paid
INV-2493,CUST-416,8866.54,EUR,2026-06-06,2026-07-06,,36,overdue
INV-2494,CUST-416,26928.77,EUR,2026-02-10,2026-03-12,2026-03-13,1,paid
INV-2495,CUST-416,35662.16,EUR,2026-04-27,2026-05-27,2026-06-09,13,paid
INV-2496,CUST-417,4392.35,EUR,2025-11-29,2025-12-29,2026-01-13,15,paid
INV-2497,CUST-417,37809.03,EUR,2026-02-15,2026-03-17,2026-04-27,41,paid
INV-2498,CUST-417,33835.45,EUR,2026-04-16,2026-05-16,2026-05-24,8,paid
INV-2499,CUST-417,3157.42,EUR,2026-02-14,2026-03-16,2026-04-30,45,paid
INV-2500,CUST-417,8667.78,EUR,2026-02-26,2026-03-28,2026-04-05,8,paid
INV-2501,CUST-417,14746.91,EUR,2025-10-06,2025-11-05,2025-11-19,14,paid
INV-2502,CUST-418,39853.73,EUR,2026-03-05,2026-04-04,2026-04-15,11,paid
INV-2503,CUST-418,12263.45,EUR,2026-02-21,2026-03-23,2026-04-20,28,paid
INV-2504,CUST-418,4884.61,EUR,2026-03-09,2026-04-08,2026-04-30,22,paid
INV-2505,CUST-418,16871.7,EUR,2025-09-29,2025-10-29,2025-12-09,41,paid
INV-2506,CUST-418,20675.55,EUR,2025-10-28,2025-11-27,2026-01-06,40,paid
INV-2507,CUST-419,42775.2,EUR,2026-07-04,2026-08-03,2026-08-05,2,paid
INV-2508,CUST-419,25937.04,EUR,2025-10-20,2025-11-19,2026-01-02,44,paid
INV-2509,CUST-419,16133.93,EUR,2025-12-12,2026-01-11,2026-02-23,43,paid
INV-2510,CUST-419,9969.16,EUR,2026-02-25,2026-03-27,2026-05-10,44,paid
INV-2511,CUST-419,25181.22,EUR,2025-11-07,2025-12-07,2025-12-24,17,paid
INV-2512,CUST-420,34984.68,EUR,2025-11-02,2025-12-02,2025-12-18,16,paid
INV-2513,CUST-420,21471.82,EUR,2026-04-02,2026-05-02,2026-05-04,2,paid
INV-2514,CUST-420,23652.72,EUR,2026-05-24,2026-06-23,2026-07-08,15,paid
INV-2515,CUST-420,21452.31,EUR,2026-05-12,2026-06-11,2026-07-01,20,paid
INV-2516,CUST-421,17503.63,EUR,2025-10-07,2025-11-06,2025-12-13,37,paid
INV-2517,CUST-421,15048.84,EUR,2026-07-05,2026-08-04,,7,overdue
INV-2518,CUST-421,39224.35,EUR,2026-01-20,2026-02-19,2026-02-19,0,paid
INV-2519,CUST-421,19426.22,EUR,2026-05-02,2026-06-01,2026-06-22,21,paid
INV-2520,CUST-421,29436.35,EUR,2026-01-31,2026-03-02,2026-03-08,6,paid
INV-2521,CUST-421,41161.18,EUR,2026-04-18,2026-05-18,2026-06-06,19,paid
INV-2522,CUST-422,24967.59,EUR,2025-11-25,2025-12-25,2025-12-26,1,paid
INV-2523,CUST-422,36567.58,EUR,2025-12-10,2026-01-09,2026-02-07,29,paid
INV-2524,CUST-422,26257.66,EUR,2025-09-22,2025-10-22,2025-11-18,27,paid
INV-2525,CUST-422,21731.89,EUR,2025-12-30,2026-01-29,2026-02-13,15,paid
INV-2526,CUST-422,32773.06,EUR,2026-03-15,2026-04-14,2026-05-22,38,paid
INV-2527,CUST-423,30792.17,EUR,2025-11-17,2025-12-17,2026-01-05,19,paid
INV-2528,CUST-423,43707.84,EUR,2026-07-02,2026-08-01,2026-08-09,8,paid
INV-2529,CUST-423,19407.58,EUR,2026-05-28,2026-06-27,2026-07-27,30,paid
INV-2530,CUST-423,18513.16,EUR,2025-09-30,2025-10-30,2025-10-31,1,paid
INV-2531,CUST-423,23439.43,EUR,2026-04-30,2026-05-30,2026-06-18,19,paid
INV-2532,CUST-423,43463.41,EUR,2025-09-20,2025-10-20,2025-11-22,33,paid
INV-2533,CUST-424,34031.77,EUR,2025-10-05,2025-11-04,2025-11-12,8,paid
INV-2534,CUST-424,15525.1,EUR,2025-08-17,2025-09-16,2025-09-19,3,paid
INV-2535,CUST-424,14469.89,EUR,2026-06-06,2026-07-06,2026-07-31,25,paid
INV-2536,CUST-424,21075.14,EUR,2026-01-26,2026-02-25,2026-03-07,10,paid
INV-2537,CUST-424,837.27,EUR,2025-11-29,2025-12-29,2026-01-07,9,paid
INV-2538,CUST-425,14116.68,EUR,2026-04-25,2026-05-25,2026-05-30,5,paid
INV-2539,CUST-425,11239.31,EUR,2026-04-19,2026-05-19,2026-06-01,13,paid
INV-2540,CUST-425,4785.38,EUR,2025-12-11,2026-01-10,2026-01-25,15,paid
INV-2541,CUST-425,31064.34,EUR,2026-05-05,2026-06-04,2026-06-27,23,paid
INV-2542,CUST-425,21898.61,EUR,2026-07-20,2026-08-19,,0,open
INV-2543,CUST-426,21609.39,EUR,2026-06-01,2026-07-01,2026-07-23,22,paid
INV-2544,CUST-426,41147.22,EUR,2026-04-05,2026-05-05,2026-06-16,42,paid
INV-2545,CUST-426,37545.54,EUR,2026-01-11,2026-02-10,2026-03-27,45,paid
INV-2546,CUST-426,34527.08,EUR,2026-03-20,2026-04-19,2026-04-25,6,paid
INV-2547,CUST-426,6479.81,EUR,2026-01-05,2026-02-04,2026-02-12,8,paid
INV-2548,CUST-426,34978.11,EUR,2025-12-30,2026-01-29,2026-02-16,18,paid
INV-2549,CUST-427,18208.19,EUR,2025-09-20,2025-10-20,2025-10-24,4,paid
INV-2550,CUST-427,22383.27,EUR,2026-01-26,2026-02-25,2026-04-03,37,paid
INV-2551,CUST-427,10598.88,EUR,2026-07-09,2026-08-08,2026-08-09,1,paid
INV-2552,CUST-427,16812.8,EUR,2026-01-15,2026-02-14,2026-03-18,32,paid
INV-2553,CUST-427,27787.04,EUR,2026-07-22,2026-08-21,,0,open
INV-2554,CUST-427,41224.7,EUR,2025-12-31,2026-01-30,2026-03-12,41,paid
INV-2555,CUST-427,6903.13,EUR,2026-03-27,2026-04-26,2026-05-08,12,paid
INV-2556,CUST-428,14145.66,EUR,2026-04-05,2026-05-05,2026-05-10,5,paid
INV-2557,CUST-428,17775.74,EUR,2026-01-30,2026-03-01,2026-03-12,11,paid
INV-2558,CUST-428,7463.04,EUR,2025-12-17,2026-01-16,2026-02-04,19,paid
INV-2559,CUST-428,30647.06,EUR,2026-01-05,2026-02-04,2026-03-06,30,paid
INV-2560,CUST-429,43166.26,EUR,2026-03-11,2026-04-10,2026-05-06,26,paid
INV-2561,CUST-429,8028.6,EUR,2026-04-22,2026-05-22,2026-07-04,43,paid
INV-2562,CUST-429,37673.08,EUR,2025-10-31,2025-11-30,2025-12-29,29,paid
INV-2563,CUST-429,16105.88,EUR,2026-06-10,2026-07-10,2026-07-30,20,paid
INV-2564,CUST-430,7911.06,EUR,2026-07-16,2026-08-15,,0,open
INV-2565,CUST-430,26200.95,EUR,2026-05-18,2026-06-17,2026-07-01,14,paid
INV-2566,CUST-430,22287.36,EUR,2026-07-17,2026-08-16,,0,open
INV-2567,CUST-430,18555.29,EUR,2025-08-13,2025-09-12,2025-09-15,3,paid
INV-2568,CUST-430,19584.17,EUR,2026-02-17,2026-03-19,2026-04-28,40,paid
INV-2569,CUST-430,27480.71,EUR,2026-05-24,2026-06-23,2026-07-07,14,paid
INV-2570,CUST-430,17278.88,EUR,2025-11-07,2025-12-07,2026-01-06,30,paid
INV-2571,CUST-431,43752.24,EUR,2025-10-22,2025-11-21,2025-11-28,7,paid
INV-2572,CUST-431,44148.47,EUR,2026-04-22,2026-05-22,2026-06-25,34,paid
INV-2573,CUST-431,39267.89,EUR,2026-01-07,2026-02-06,2026-02-11,5,paid
INV-2574,CUST-431,1107.49,EUR,2026-05-07,2026-06-06,2026-07-21,45,paid
INV-2575,CUST-431,12196.38,EUR,2025-09-23,2025-10-23,2025-11-24,32,paid
INV-2576,CUST-431,32961.19,EUR,2025-09-11,2025-10-11,2025-11-09,29,paid
INV-2577,CUST-432,21342.53,EUR,2026-06-28,2026-07-28,,14,overdue
INV-2578,CUST-432,21143.08,EUR,2025-11-14,2025-12-14,2025-12-17,3,paid
INV-2579,CUST-432,31138.33,EUR,2025-09-19,2025-10-19,2025-11-04,16,paid
INV-2580,CUST-432,15715.81,EUR,2025-12-17,2026-01-16,2026-02-03,18,paid
INV-2581,CUST-432,24789.48,EUR,2026-07-10,2026-08-09,2026-08-10,1,paid
INV-2582,CUST-432,1574.34,EUR,2025-12-21,2026-01-20,2026-02-09,20,paid
INV-2583,CUST-432,28910.44,EUR,2026-02-20,2026-03-22,2026-04-29,38,paid
INV-2584,CUST-433,33150.17,EUR,2026-01-21,2026-02-20,2026-03-26,34,paid
INV-2585,CUST-433,11789.3,EUR,2026-01-01,2026-01-31,2026-02-05,5,paid
INV-2586,CUST-433,4980.11,EUR,2025-10-22,2025-11-21,2025-11-30,9,paid
INV-2587,CUST-433,22610.5,EUR,2025-09-01,2025-10-01,2025-10-18,17,paid
INV-2588,CUST-434,31253.44,EUR,2025-11-30,2025-12-30,2026-01-14,15,paid
INV-2589,CUST-434,25952.82,EUR,2025-10-27,2025-11-26,2025-11-28,2,paid
INV-2590,CUST-434,15235.21,EUR,2026-06-13,2026-07-13,,29,overdue
INV-2591,CUST-434,43976.48,EUR,2025-09-14,2025-10-14,2025-11-23,40,paid
INV-2592,CUST-434,17680.55,EUR,2026-06-01,2026-07-01,2026-07-03,2,paid
INV-2593,CUST-434,41792.87,EUR,2026-01-31,2026-03-02,2026-03-21,19,paid
INV-2594,CUST-435,1789.35,EUR,2025-12-29,2026-01-28,2026-02-13,16,paid
INV-2595,CUST-435,33626.67,EUR,2025-08-22,2025-09-21,2025-09-26,5,paid
INV-2596,CUST-435,43460.07,EUR,2025-12-13,2026-01-12,2026-01-24,12,paid
INV-2597,CUST-435,12335.13,EUR,2025-10-03,2025-11-02,2025-11-21,19,paid
INV-2598,CUST-435,23520.55,EUR,2025-09-10,2025-10-10,2025-10-25,15,paid
INV-2599,CUST-435,36113.77,EUR,2025-08-01,2025-08-31,2025-09-23,23,paid
INV-2600,CUST-435,21702.99,EUR,2025-10-02,2025-11-01,2025-11-28,27,paid
INV-2601,CUST-436,35201.26,EUR,2025-08-04,2025-09-03,2025-09-20,17,paid
INV-2602,CUST-436,30477.63,EUR,2025-11-08,2025-12-08,2026-01-15,38,paid
INV-2603,CUST-436,41010.79,EUR,2025-12-30,2026-01-29,2026-03-13,43,paid
INV-2604,CUST-436,12852.43,EUR,2026-02-27,2026-03-29,2026-04-24,26,paid
INV-2605,CUST-436,1627.38,EUR,2026-04-07,2026-05-07,2026-06-02,26,paid
INV-2606,CUST-436,6535.7,EUR,2025-08-20,2025-09-19,2025-10-06,17,paid
INV-2607,CUST-437,35729.41,EUR,2025-09-19,2025-10-19,2025-11-28,40,paid
INV-2608,CUST-437,5093.93,EUR,2026-02-10,2026-03-12,2026-03-26,14,paid
INV-2609,CUST-437,32138.18,EUR,2026-07-13,2026-08-12,,0,open
INV-2610,CUST-437,3616.53,EUR,2026-03-31,2026-04-30,2026-05-18,18,paid
INV-2611,CUST-437,37352.29,EUR,2025-09-14,2025-10-14,2025-11-20,37,paid
INV-2612,CUST-437,28856.95,EUR,2025-12-19,2026-01-18,2026-02-08,21,paid
INV-2613,CUST-437,17995.55,EUR,2025-10-18,2025-11-17,2025-12-22,35,paid
INV-2614,CUST-438,15854.34,EUR,2026-01-28,2026-02-27,2026-03-21,22,paid
INV-2615,CUST-438,7508.62,EUR,2025-12-07,2026-01-06,2026-02-06,31,paid
INV-2616,CUST-438,24325.02,EUR,2026-04-06,2026-05-06,2026-05-16,10,paid
INV-2617,CUST-438,18040.71,EUR,2025-08-12,2025-09-11,2025-10-06,25,paid
INV-2618,CUST-439,38471.29,EUR,2025-08-18,2025-09-17,2025-09-22,5,paid
INV-2619,CUST-439,22305.0,EUR,2025-09-02,2025-10-02,2025-10-24,22,paid
INV-2620,CUST-439,9973.76,EUR,2026-06-10,2026-07-10,2026-07-21,11,paid
INV-2621,CUST-439,13698.58,EUR,2026-02-17,2026-03-19,2026-04-08,20,paid
INV-2622,CUST-440,21458.2,EUR,2025-08-11,2025-09-10,2025-09-19,9,paid
INV-2623,CUST-440,26654.21,EUR,2025-09-06,2025-10-06,2025-11-14,39,paid
INV-2624,CUST-440,25768.25,EUR,2026-01-23,2026-02-22,2026-03-20,26,paid
INV-2625,CUST-440,34011.37,EUR,2026-07-11,2026-08-10,2026-08-11,1,paid
INV-2626,CUST-440,17387.57,EUR,2026-03-24,2026-04-23,2026-05-27,34,paid
INV-2627,CUST-440,17526.55,EUR,2026-05-16,2026-06-15,2026-06-18,3,paid
INV-2628,CUST-440,18292.14,EUR,2026-06-03,2026-07-03,2026-07-06,3,paid
INV-2629,CUST-441,8695.11,EUR,2026-02-24,2026-03-26,2026-04-05,10,paid
INV-2630,CUST-441,25113.11,EUR,2025-12-29,2026-01-28,2026-02-19,22,paid
INV-2631,CUST-441,19283.56,EUR,2026-04-02,2026-05-02,2026-06-09,38,paid
INV-2632,CUST-441,14917.63,EUR,2026-03-02,2026-04-01,2026-04-24,23,paid
INV-2633,CUST-441,5469.23,EUR,2025-09-03,2025-10-03,2025-11-15,43,paid
INV-2634,CUST-441,34469.49,EUR,2025-09-01,2025-10-01,2025-10-21,20,paid
INV-2635,CUST-441,24474.72,EUR,2025-11-07,2025-12-07,2026-01-01,25,paid
INV-2636,CUST-441,38770.3,EUR,2026-03-29,2026-04-28,2026-05-29,31,paid
INV-2637,CUST-442,37315.32,EUR,2026-02-26,2026-03-28,2026-04-25,28,paid
INV-2638,CUST-442,41636.85,EUR,2026-05-03,2026-06-02,2026-06-13,11,paid
INV-2639,CUST-442,13547.63,EUR,2025-12-30,2026-01-29,2026-03-04,34,paid
INV-2640,CUST-442,34521.72,EUR,2026-02-01,2026-03-03,2026-04-13,41,paid
INV-2641,CUST-442,31004.15,EUR,2026-04-25,2026-05-25,2026-05-31,6,paid
INV-2642,CUST-442,26442.98,EUR,2026-01-07,2026-02-06,2026-03-04,26,paid
INV-2643,CUST-442,18934.99,EUR,2025-12-20,2026-01-19,2026-02-28,40,paid
INV-2644,CUST-443,10709.31,EUR,2025-09-09,2025-10-09,2025-11-17,39,paid
INV-2645,CUST-443,23048.57,EUR,2025-09-08,2025-10-08,2025-10-13,5,paid
INV-2646,CUST-443,26019.84,EUR,2025-09-19,2025-10-19,2025-11-14,26,paid
INV-2647,CUST-443,15165.9,EUR,2026-07-11,2026-08-10,2026-08-11,1,paid
INV-2648,CUST-444,1804.2,EUR,2026-01-14,2026-02-13,2026-03-23,38,paid
INV-2649,CUST-444,18008.8,EUR,2025-08-22,2025-09-21,2025-10-23,32,paid
INV-2650,CUST-444,38383.66,EUR,2026-04-15,2026-05-15,2026-05-25,10,paid
INV-2651,CUST-444,17112.64,EUR,2025-11-30,2025-12-30,2026-01-14,15,paid
INV-2652,CUST-445,42221.63,EUR,2025-11-23,2025-12-23,2026-01-04,12,paid
INV-2653,CUST-445,6663.13,EUR,2026-02-07,2026-03-09,2026-03-13,4,paid
INV-2654,CUST-445,9949.72,EUR,2026-07-07,2026-08-06,2026-08-07,1,paid
INV-2655,CUST-445,27463.61,EUR,2025-08-06,2025-09-05,2025-09-20,15,paid
INV-2656,CUST-445,43797.99,EUR,2026-04-23,2026-05-23,2026-06-24,32,paid
INV-2657,CUST-446,37834.09,EUR,2025-09-16,2025-10-16,2025-10-26,10,paid
INV-2658,CUST-446,21229.78,EUR,2026-03-19,2026-04-18,2026-04-22,4,paid
INV-2659,CUST-446,33888.5,EUR,2026-07-19,2026-08-18,,0,open
INV-2660,CUST-446,30717.76,EUR,2025-08-07,2025-09-06,2025-10-09,33,paid
INV-2661,CUST-447,3910.16,EUR,2026-01-06,2026-02-05,2026-03-03,26,paid
INV-2662,CUST-447,39844.38,EUR,2026-03-11,2026-04-10,2026-05-14,34,paid
INV-2663,CUST-447,32438.13,EUR,2026-05-22,2026-06-21,2026-07-08,17,paid
INV-2664,CUST-447,20182.63,EUR,2026-07-10,2026-08-09,2026-08-09,0,paid
INV-2665,CUST-447,36675.48,EUR,2026-02-23,2026-03-25,2026-03-27,2,paid
INV-2666,CUST-447,18454.78,EUR,2026-01-17,2026-02-16,2026-03-20,32,paid
INV-2667,CUST-447,29513.64,EUR,2025-09-03,2025-10-03,2025-10-30,27,paid
INV-2668,CUST-448,7252.48,EUR,2026-05-30,2026-06-29,2026-07-25,26,paid
INV-2669,CUST-448,34108.14,EUR,2025-09-29,2025-10-29,2025-11-05,7,paid
INV-2670,CUST-448,16997.73,EUR,2026-04-27,2026-05-27,2026-07-08,42,paid
INV-2671,CUST-448,7074.19,EUR,2026-01-30,2026-03-01,2026-03-16,15,paid
INV-2672,CUST-449,12491.24,EUR,2026-04-06,2026-05-06,2026-05-27,21,paid
INV-2673,CUST-449,31462.25,EUR,2025-08-28,2025-09-27,2025-10-26,29,paid
INV-2674,CUST-449,34060.61,EUR,2025-11-13,2025-12-13,2025-12-29,16,paid
INV-2675,CUST-449,13851.91,EUR,2026-01-28,2026-02-27,2026-03-27,28,paid
INV-2676,CUST-449,35601.93,EUR,2026-02-03,2026-03-05,2026-04-18,44,paid
INV-2677,CUST-449,25915.82,EUR,2026-03-12,2026-04-11,2026-05-19,38,paid
INV-2678,CUST-449,34450.47,EUR,2026-07-04,2026-08-03,2026-08-07,4,paid
INV-2679,CUST-450,39703.54,EUR,2026-03-31,2026-04-30,2026-06-05,36,paid
INV-2680,CUST-450,32350.1,EUR,2026-01-18,2026-02-17,2026-03-08,19,paid
INV-2681,CUST-450,25889.68,EUR,2026-05-02,2026-06-01,2026-06-20,19,paid
INV-2682,CUST-450,32318.08,EUR,2025-11-21,2025-12-21,2026-02-02,43,paid
INV-2683,CUST-451,33673.01,EUR,2026-05-04,2026-06-03,2026-07-17,44,paid
INV-2684,CUST-451,7276.46,EUR,2026-05-18,2026-06-17,2026-06-29,12,paid
INV-2685,CUST-451,28944.89,EUR,2026-03-13,2026-04-12,2026-04-13,1,paid
INV-2686,CUST-451,26578.78,EUR,2026-04-05,2026-05-05,2026-05-14,9,paid
INV-2687,CUST-451,1333.35,EUR,2025-09-26,2025-10-26,2025-11-18,23,paid
INV-2688,CUST-451,33749.21,EUR,2025-11-04,2025-12-04,2026-01-06,33,paid
INV-2689,CUST-452,28135.93,EUR,2025-11-20,2025-12-20,2025-12-30,10,paid
INV-2690,CUST-452,29258.24,EUR,2026-01-27,2026-02-26,2026-04-04,37,paid
INV-2691,CUST-452,14691.89,EUR,2025-11-08,2025-12-08,2025-12-31,23,paid
INV-2692,CUST-452,39051.06,EUR,2026-01-10,2026-02-09,2026-03-12,31,paid
INV-2693,CUST-452,8275.14,EUR,2025-08-25,2025-09-24,2025-10-27,33,paid
INV-2694,CUST-452,8552.12,EUR,2025-11-18,2025-12-18,2026-01-11,24,paid
INV-2695,CUST-452,30358.52,EUR,2026-07-15,2026-08-14,,0,open
INV-2696,CUST-453,10737.27,EUR,2026-01-28,2026-02-27,2026-03-12,13,paid
INV-2697,CUST-453,7433.91,EUR,2026-03-30,2026-04-29,2026-06-06,38,paid
INV-2698,CUST-453,29529.85,EUR,2026-05-22,2026-06-21,2026-07-05,14,paid
INV-2699,CUST-453,41141.45,EUR,2025-10-04,2025-11-03,2025-11-03,0,paid
INV-2700,CUST-454,33568.9,EUR,2026-03-28,2026-04-27,2026-05-20,23,paid
INV-2701,CUST-454,2251.55,EUR,2025-08-16,2025-09-15,2025-10-25,40,paid
INV-2702,CUST-454,42879.65,EUR,2026-06-02,2026-07-02,2026-07-10,8,paid
INV-2703,CUST-454,43305.2,EUR,2025-10-12,2025-11-11,2025-12-15,34,paid
INV-2704,CUST-454,43693.33,EUR,2026-06-12,2026-07-12,,30,overdue
INV-2705,CUST-454,23914.34,EUR,2025-10-05,2025-11-04,2025-11-19,15,paid
INV-2706,CUST-454,36039.33,EUR,2026-03-13,2026-04-12,2026-04-23,11,paid
INV-2707,CUST-454,42185.94,EUR,2025-08-03,2025-09-02,2025-09-17,15,paid
INV-2708,CUST-455,32508.21,EUR,2025-08-03,2025-09-02,2025-09-13,11,paid
INV-2709,CUST-455,44088.49,EUR,2026-07-02,2026-08-01,2026-08-05,4,paid
INV-2710,CUST-455,33645.48,EUR,2026-06-06,2026-07-06,2026-08-04,29,paid
INV-2711,CUST-455,40851.43,EUR,2026-06-20,2026-07-20,2026-07-29,9,paid
INV-2712,CUST-455,9981.76,EUR,2026-06-21,2026-07-21,2026-08-08,18,paid
INV-2713,CUST-456,5143.54,EUR,2025-11-27,2025-12-27,2025-12-30,3,paid
INV-2714,CUST-456,35718.71,EUR,2026-02-09,2026-03-11,2026-03-15,4,paid
INV-2715,CUST-456,21940.82,EUR,2026-04-13,2026-05-13,2026-06-10,28,paid
INV-2716,CUST-456,21840.78,EUR,2026-06-10,2026-07-10,,32,overdue
INV-2717,CUST-456,10302.73,EUR,2025-09-24,2025-10-24,2025-11-24,31,paid
INV-2718,CUST-456,25964.35,EUR,2026-02-19,2026-03-21,2026-04-27,37,paid
INV-2719,CUST-456,38862.35,EUR,2025-12-14,2026-01-13,2026-01-20,7,paid
INV-2720,CUST-457,9410.11,EUR,2025-08-27,2025-09-26,2025-11-05,40,paid
INV-2721,CUST-457,34195.0,EUR,2025-09-11,2025-10-11,2025-10-11,0,paid
INV-2722,CUST-457,34151.56,EUR,2026-03-16,2026-04-15,2026-05-23,38,paid
INV-2723,CUST-457,22573.15,EUR,2026-03-06,2026-04-05,2026-04-16,11,paid
INV-2724,CUST-457,23222.35,EUR,2026-02-04,2026-03-06,2026-04-07,32,paid
INV-2725,CUST-457,42853.46,EUR,2026-02-27,2026-03-29,2026-04-17,19,paid
INV-2726,CUST-457,39132.93,EUR,2026-03-09,2026-04-08,2026-04-23,15,paid
INV-2727,CUST-458,30760.64,EUR,2026-03-04,2026-04-03,2026-05-05,32,paid
INV-2728,CUST-458,28465.74,EUR,2026-02-14,2026-03-16,2026-03-23,7,paid
INV-2729,CUST-458,22351.06,EUR,2026-04-20,2026-05-20,2026-06-09,20,paid
INV-2730,CUST-458,21596.38,EUR,2025-11-04,2025-12-04,2025-12-14,10,paid
INV-2731,CUST-458,3697.73,EUR,2026-04-22,2026-05-22,2026-06-18,27,paid
INV-2732,CUST-458,14265.13,EUR,2025-08-12,2025-09-11,2025-10-09,28,paid
INV-2733,CUST-459,31163.58,EUR,2025-08-30,2025-09-29,2025-10-10,11,paid
INV-2734,CUST-459,35222.6,EUR,2026-04-14,2026-05-14,2026-05-28,14,paid
INV-2735,CUST-459,14378.25,EUR,2026-04-04,2026-05-04,2026-05-23,19,paid
INV-2736,CUST-459,34675.79,EUR,2026-02-09,2026-03-11,2026-04-10,30,paid
INV-2737,CUST-459,31065.79,EUR,2026-05-31,2026-06-30,2026-07-06,6,paid
INV-2738,CUST-459,30497.42,EUR,2025-10-03,2025-11-02,2025-11-22,20,paid
INV-2739,CUST-460,34674.76,EUR,2026-04-15,2026-05-15,2026-05-25,10,paid
INV-2740,CUST-460,27767.45,EUR,2026-05-03,2026-06-02,2026-06-12,10,paid
INV-2741,CUST-460,43086.45,EUR,2026-02-06,2026-03-08,2026-04-07,30,paid
INV-2742,CUST-460,27109.15,EUR,2025-08-22,2025-09-21,2025-10-17,26,paid
INV-2743,CUST-460,10909.58,EUR,2026-03-07,2026-04-06,2026-04-22,16,paid
INV-2744,CUST-461,17188.97,EUR,2026-02-17,2026-03-19,2026-04-07,19,paid
INV-2745,CUST-461,32920.57,EUR,2026-02-02,2026-03-04,2026-03-24,20,paid
INV-2746,CUST-461,14414.35,EUR,2025-12-04,2026-01-03,2026-02-08,36,paid
INV-2747,CUST-461,34511.13,EUR,2026-01-02,2026-02-01,2026-02-01,0,paid
INV-2748,CUST-461,3244.59,EUR,2025-12-28,2026-01-27,2026-02-22,26,paid
INV-2749,CUST-461,29344.04,EUR,2026-01-22,2026-02-21,2026-03-01,8,paid
INV-2750,CUST-461,34703.55,EUR,2025-12-01,2025-12-31,2026-01-01,1,paid
INV-2751,CUST-462,30062.81,EUR,2026-04-07,2026-05-07,2026-05-23,16,paid
INV-2752,CUST-462,37598.79,EUR,2026-02-22,2026-03-24,2026-03-25,1,paid
INV-2753,CUST-462,19695.43,EUR,2026-02-08,2026-03-10,2026-04-03,24,paid
INV-2754,CUST-462,25466.61,EUR,2026-02-06,2026-03-08,2026-03-20,12,paid
INV-2755,CUST-462,28095.97,EUR,2026-04-03,2026-05-03,2026-05-31,28,paid
INV-2756,CUST-463,4089.67,EUR,2026-05-29,2026-06-28,2026-07-21,23,paid
INV-2757,CUST-463,42414.04,EUR,2025-11-19,2025-12-19,2026-01-25,37,paid
INV-2758,CUST-463,42880.41,EUR,2025-11-24,2025-12-24,2025-12-26,2,paid
INV-2759,CUST-463,18040.79,EUR,2025-08-19,2025-09-18,2025-11-02,45,paid
INV-2760,CUST-463,11843.2,EUR,2025-11-15,2025-12-15,2026-01-22,38,paid
INV-2761,CUST-463,17375.84,EUR,2025-09-25,2025-10-25,2025-10-31,6,paid
INV-2762,CUST-464,15946.98,EUR,2025-08-29,2025-09-28,2025-11-01,34,paid
INV-2763,CUST-464,20165.1,EUR,2026-01-14,2026-02-13,2026-03-03,18,paid
INV-2764,CUST-464,21655.37,EUR,2026-05-27,2026-06-26,2026-06-28,2,paid
INV-2765,CUST-464,43991.3,EUR,2026-02-06,2026-03-08,2026-04-03,26,paid
INV-2766,CUST-465,26869.53,EUR,2026-05-06,2026-06-05,2026-07-11,36,paid
INV-2767,CUST-465,25633.17,EUR,2026-04-11,2026-05-11,2026-06-08,28,paid
INV-2768,CUST-465,15290.62,EUR,2026-03-19,2026-04-18,2026-05-22,34,paid
INV-2769,CUST-465,12323.79,EUR,2025-08-18,2025-09-17,2025-10-20,33,paid
INV-2770,CUST-465,31279.0,EUR,2026-02-23,2026-03-25,2026-04-02,8,paid
INV-2771,CUST-466,32244.0,EUR,2025-07-29,2025-08-28,2025-09-17,20,paid
INV-2772,CUST-466,40805.57,EUR,2026-01-19,2026-02-18,2026-03-18,28,paid
INV-2773,CUST-466,8938.99,EUR,2026-04-04,2026-05-04,2026-06-02,29,paid
INV-2774,CUST-466,21167.52,EUR,2026-03-28,2026-04-27,2026-05-18,21,paid
INV-2775,CUST-467,43737.59,EUR,2025-08-10,2025-09-09,2025-09-25,16,paid
INV-2776,CUST-467,27479.87,EUR,2026-03-14,2026-04-13,2026-04-14,1,paid
INV-2777,CUST-467,6068.22,EUR,2026-05-12,2026-06-11,2026-07-07,26,paid
INV-2778,CUST-467,18316.81,EUR,2025-12-16,2026-01-15,2026-02-15,31,paid
INV-2779,CUST-467,37560.01,EUR,2026-06-28,2026-07-28,,14,overdue
INV-2780,CUST-468,1516.1,EUR,2026-01-12,2026-02-11,2026-03-10,27,paid
INV-2781,CUST-468,43222.64,EUR,2026-07-06,2026-08-05,2026-08-07,2,paid
INV-2782,CUST-468,22546.82,EUR,2025-10-20,2025-11-19,2025-12-25,36,paid
INV-2783,CUST-468,28839.32,EUR,2026-02-02,2026-03-04,2026-03-08,4,paid
INV-2784,CUST-468,4872.74,EUR,2025-10-06,2025-11-05,2025-12-10,35,paid
INV-2785,CUST-468,24303.9,EUR,2026-05-26,2026-06-25,2026-07-22,27,paid
INV-2786,CUST-468,26167.5,EUR,2026-06-08,2026-07-08,2026-07-28,20,paid
INV-2787,CUST-468,34034.3,EUR,2026-04-16,2026-05-16,2026-06-28,43,paid
INV-2788,CUST-469,21384.61,EUR,2026-03-03,2026-04-02,2026-04-11,9,paid
INV-2789,CUST-469,15404.98,EUR,2025-08-23,2025-09-22,2025-10-03,11,paid
INV-2790,CUST-469,26224.89,EUR,2025-08-25,2025-09-24,2025-10-23,29,paid
INV-2791,CUST-469,35325.19,EUR,2025-10-25,2025-11-24,2025-12-21,27,paid
INV-2792,CUST-469,18544.8,EUR,2026-07-12,2026-08-11,,0,open
INV-2793,CUST-469,1080.84,EUR,2026-02-22,2026-03-24,2026-04-17,24,paid
INV-2794,CUST-469,1177.38,EUR,2026-07-13,2026-08-12,,0,open
INV-2795,CUST-470,12241.3,EUR,2025-11-05,2025-12-05,2025-12-09,4,paid
INV-2796,CUST-470,30614.59,EUR,2025-12-27,2026-01-26,2026-02-13,18,paid
INV-2797,CUST-470,21032.7,EUR,2025-12-01,2025-12-31,2026-01-17,17,paid
INV-2798,CUST-470,37111.39,EUR,2026-03-20,2026-04-19,,114,overdue
INV-2799,CUST-470,41700.76,EUR,2026-03-27,2026-04-26,,107,overdue
INV-2800,CUST-470,40281.36,EUR,2026-04-26,2026-05-26,,77,overdue
INV-2801,CUST-471,9147.05,EUR,2026-05-05,2026-06-04,2026-06-13,9,paid
INV-2802,CUST-471,14434.89,EUR,2026-04-08,2026-05-08,2026-05-14,6,paid
INV-2803,CUST-471,24377.25,EUR,2026-07-09,2026-08-08,2026-08-08,0,paid
INV-2804,CUST-471,24671.37,EUR,2026-05-18,2026-06-17,2026-06-27,10,paid
INV-2805,CUST-471,41838.18,EUR,2026-02-11,2026-03-13,2026-04-24,42,paid
INV-2806,CUST-471,9715.2,EUR,2026-04-07,2026-05-07,2026-05-17,10,paid
INV-2807,CUST-471,44602.36,EUR,2025-12-17,2026-01-16,2026-01-30,14,paid
INV-2808,CUST-471,34937.66,EUR,2026-04-02,2026-05-02,2026-05-03,1,paid
INV-2809,CUST-472,6241.47,EUR,2025-12-09,2026-01-08,2026-02-01,24,paid
INV-2810,CUST-472,20422.7,EUR,2026-07-09,2026-08-08,2026-08-09,1,paid
INV-2811,CUST-472,2975.27,EUR,2026-01-09,2026-02-08,2026-03-08,28,paid
INV-2812,CUST-472,9579.79,EUR,2025-12-30,2026-01-29,2026-02-22,24,paid
INV-2813,CUST-472,36800.87,EUR,2025-09-23,2025-10-23,2025-10-28,5,paid
INV-2814,CUST-473,41167.12,EUR,2025-11-05,2025-12-05,2026-01-07,33,paid
INV-2815,CUST-473,7999.43,EUR,2026-05-21,2026-06-20,2026-07-20,30,paid
INV-2816,CUST-473,33536.38,EUR,2025-11-14,2025-12-14,2026-01-05,22,paid
INV-2817,CUST-473,19148.65,EUR,2026-02-10,2026-03-12,2026-03-25,13,paid
INV-2818,CUST-473,36150.77,EUR,2026-06-06,2026-07-06,2026-07-14,8,paid
INV-2819,CUST-474,42564.44,EUR,2026-05-26,2026-06-25,,47,overdue
INV-2820,CUST-474,36310.8,EUR,2026-01-09,2026-02-08,2026-03-05,25,paid
INV-2821,CUST-474,16476.9,EUR,2026-06-01,2026-07-01,2026-07-27,26,paid
INV-2822,CUST-474,19989.38,EUR,2026-06-19,2026-07-19,2026-07-28,9,paid
INV-2823,CUST-474,44987.03,EUR,2026-03-27,2026-04-26,2026-05-01,5,paid
INV-2824,CUST-474,29246.32,EUR,2025-08-23,2025-09-22,2025-10-16,24,paid
INV-2825,CUST-474,1500.57,EUR,2025-11-23,2025-12-23,2026-01-09,17,paid
INV-2826,CUST-474,40462.04,EUR,2025-08-25,2025-09-24,2025-09-26,2,paid
INV-2827,CUST-475,25754.4,EUR,2025-12-21,2026-01-20,2026-01-25,5,paid
INV-2828,CUST-475,7684.52,EUR,2026-01-21,2026-02-20,2026-03-08,16,paid
INV-2829,CUST-475,2523.39,EUR,2026-03-21,2026-04-20,,113,overdue
INV-2830,CUST-475,27152.24,EUR,2026-03-25,2026-04-24,,109,overdue
INV-2831,CUST-475,10074.29,EUR,2026-04-08,2026-05-08,,95,overdue
INV-2832,CUST-476,28095.93,EUR,2026-01-13,2026-02-12,2026-02-22,10,paid
INV-2833,CUST-476,8420.96,EUR,2025-12-20,2026-01-19,2026-02-21,33,paid
INV-2834,CUST-476,33594.93,EUR,2026-05-06,2026-06-05,2026-07-17,42,paid
INV-2835,CUST-476,16936.01,EUR,2026-04-21,2026-05-21,2026-05-28,7,paid
INV-2836,CUST-476,2125.12,EUR,2026-04-30,2026-05-30,2026-06-12,13,paid
INV-2837,CUST-476,18641.52,EUR,2026-02-16,2026-03-18,2026-04-10,23,paid
INV-2838,CUST-477,14991.41,EUR,2025-09-07,2025-10-07,2025-10-08,1,paid
INV-2839,CUST-477,2059.56,EUR,2026-02-03,2026-03-05,2026-04-04,30,paid
INV-2840,CUST-477,33284.83,EUR,2026-07-05,2026-08-04,2026-08-10,6,paid
INV-2841,CUST-477,24644.79,EUR,2026-06-29,2026-07-29,2026-08-09,11,paid
INV-2842,CUST-477,8302.52,EUR,2025-10-27,2025-11-26,2025-12-02,6,paid
INV-2843,CUST-477,16211.06,EUR,2026-07-15,2026-08-14,,0,open
INV-2844,CUST-478,19358.82,EUR,2026-06-05,2026-07-05,,37,overdue
INV-2845,CUST-478,21327.95,EUR,2025-11-21,2025-12-21,2026-01-16,26,paid
INV-2846,CUST-478,20266.38,EUR,2025-10-21,2025-11-20,2025-12-28,38,paid
INV-2847,CUST-478,831.9,EUR,2025-08-30,2025-09-29,2025-10-29,30,paid
INV-2848,CUST-478,40560.07,EUR,2025-11-24,2025-12-24,2026-01-09,16,paid
INV-2849,CUST-479,29811.74,EUR,2026-02-07,2026-03-09,2026-04-01,23,paid
INV-2850,CUST-479,30344.69,EUR,2025-09-11,2025-10-11,2025-10-17,6,paid
INV-2851,CUST-479,22581.84,EUR,2025-11-20,2025-12-20,2026-01-25,36,paid
INV-2852,CUST-479,6361.82,EUR,2026-04-13,2026-05-13,2026-06-14,32,paid
INV-2853,CUST-479,36400.78,EUR,2026-05-17,2026-06-16,2026-07-07,21,paid
INV-2854,CUST-480,32503.25,EUR,2026-03-26,2026-04-25,2026-06-18,54,paid
INV-2855,CUST-480,11840.22,EUR,2026-03-21,2026-04-20,,53,overdue
INV-2856,CUST-480,15325.26,EUR,2025-12-10,2026-01-09,,59,overdue
INV-2857,CUST-480,23647.17,EUR,2025-08-20,2025-09-19,2025-11-11,53,paid
INV-2858,CUST-481,19453.33,EUR,2026-02-05,2026-03-07,2026-04-18,42,paid
INV-2859,CUST-481,26408.09,EUR,2026-05-09,2026-06-08,2026-06-10,2,paid
INV-2860,CUST-481,28729.11,EUR,2026-01-06,2026-02-05,2026-02-17,12,paid
INV-2861,CUST-481,1433.02,EUR,2026-04-20,2026-05-20,2026-06-29,40,paid
INV-2862,CUST-481,37723.76,EUR,2026-07-05,2026-08-04,2026-08-10,6,paid
INV-2863,CUST-482,26086.23,EUR,2026-07-17,2026-08-16,,0,open
INV-2864,CUST-482,38709.48,EUR,2025-11-17,2025-12-17,2025-12-29,12,paid
INV-2865,CUST-482,39233.04,EUR,2025-09-04,2025-10-04,2025-11-09,36,paid
INV-2866,CUST-482,20783.0,EUR,2025-12-27,2026-01-26,2026-02-08,13,paid
INV-2867,CUST-482,28262.02,EUR,2025-12-02,2026-01-01,2026-02-04,34,paid
INV-2868,CUST-482,6007.61,EUR,2025-12-09,2026-01-08,2026-01-25,17,paid
INV-2869,CUST-483,15706.65,EUR,2026-01-31,2026-03-02,2026-03-13,11,paid
INV-2870,CUST-483,15871.45,EUR,2026-03-14,2026-04-13,2026-05-14,31,paid
INV-2871,CUST-483,20969.17,EUR,2025-10-14,2025-11-13,2025-11-19,6,paid
INV-2872,CUST-483,38644.68,EUR,2025-08-14,2025-09-13,2025-10-16,33,paid
INV-2873,CUST-483,3589.81,EUR,2026-03-10,2026-04-09,2026-05-02,23,paid
INV-2874,CUST-483,29189.34,EUR,2025-12-16,2026-01-15,2026-02-18,34,paid
INV-2875,CUST-483,4980.59,EUR,2026-05-19,2026-06-18,2026-07-14,26,paid
INV-2876,CUST-483,6116.28,EUR,2026-05-27,2026-06-26,2026-06-30,4,paid
INV-2877,CUST-484,20803.37,EUR,2026-02-15,2026-03-17,2026-04-21,35,paid
INV-2878,CUST-484,43510.13,EUR,2026-06-10,2026-07-10,2026-07-15,5,paid
INV-2879,CUST-484,37045.18,EUR,2025-12-31,2026-01-30,2026-03-03,32,paid
INV-2880,CUST-484,7063.51,EUR,2026-04-14,2026-05-14,2026-06-26,43,paid
INV-2881,CUST-484,35095.28,EUR,2026-03-31,2026-04-30,2026-05-12,12,paid
INV-2882,CUST-484,24030.4,EUR,2026-01-22,2026-02-21,2026-03-02,9,paid
INV-2883,CUST-485,24007.0,EUR,2025-10-24,2025-11-23,2025-12-27,34,paid
INV-2884,CUST-485,24644.01,EUR,2026-01-18,2026-02-17,2026-04-02,44,paid
INV-2885,CUST-485,8170.5,EUR,2025-10-24,2025-11-23,2025-12-03,10,paid
INV-2886,CUST-485,30873.54,EUR,2026-06-01,2026-07-01,2026-07-28,27,paid
INV-2887,CUST-485,10800.58,EUR,2025-09-09,2025-10-09,2025-11-23,45,paid
INV-2888,CUST-485,24704.31,EUR,2026-05-06,2026-06-05,2026-07-14,39,paid
INV-2889,CUST-485,38736.65,EUR,2025-12-17,2026-01-16,2026-02-02,17,paid
INV-2890,CUST-485,43190.31,EUR,2026-06-27,2026-07-27,2026-08-05,9,paid
INV-2891,CUST-486,43762.79,EUR,2025-10-28,2025-11-27,2025-12-27,30,paid
INV-2892,CUST-486,15028.92,EUR,2025-11-25,2025-12-25,2026-01-13,19,paid
INV-2893,CUST-486,4109.28,EUR,2026-07-22,2026-08-21,,0,open
INV-2894,CUST-486,30330.91,EUR,2025-10-11,2025-11-10,2025-11-23,13,paid
INV-2895,CUST-486,27054.13,EUR,2025-09-12,2025-10-12,2025-10-16,4,paid
INV-2896,CUST-486,34178.49,EUR,2026-06-22,2026-07-22,2026-08-06,15,paid
INV-2897,CUST-486,34595.01,EUR,2026-05-01,2026-05-31,2026-06-15,15,paid
INV-2898,CUST-487,29356.94,EUR,2026-05-02,2026-06-01,2026-06-26,25,paid
INV-2899,CUST-487,9347.01,EUR,2025-09-23,2025-10-23,2025-11-14,22,paid
INV-2900,CUST-487,10802.68,EUR,2026-06-16,2026-07-16,2026-07-20,4,paid
INV-2901,CUST-487,6257.44,EUR,2025-12-29,2026-01-28,2026-03-06,37,paid
INV-2902,CUST-487,7511.6,EUR,2025-08-12,2025-09-11,2025-10-09,28,paid
INV-2903,CUST-487,30512.92,EUR,2026-05-11,2026-06-10,2026-06-30,20,paid
INV-2904,CUST-487,28944.64,EUR,2026-07-17,2026-08-16,,0,open
INV-2905,CUST-488,23971.45,EUR,2026-02-13,2026-03-15,2026-04-24,40,paid
INV-2906,CUST-488,21623.03,EUR,2025-09-19,2025-10-19,2025-11-30,42,paid
INV-2907,CUST-488,14007.94,EUR,2025-12-10,2026-01-09,2026-01-16,7,paid
INV-2908,CUST-488,33636.7,EUR,2025-10-18,2025-11-17,2025-12-16,29,paid
INV-2909,CUST-488,3911.8,EUR,2026-05-05,2026-06-04,2026-06-25,21,paid
INV-2910,CUST-488,42767.37,EUR,2026-03-05,2026-04-04,2026-04-06,2,paid
INV-2911,CUST-488,37838.6,EUR,2026-01-08,2026-02-07,2026-02-23,16,paid
INV-2912,CUST-488,28508.91,EUR,2026-05-26,2026-06-25,2026-06-30,5,paid
INV-2913,CUST-489,10728.8,EUR,2026-02-23,2026-03-25,2026-03-31,6,paid
INV-2914,CUST-489,44894.15,EUR,2026-06-07,2026-07-07,2026-07-26,19,paid
INV-2915,CUST-489,11465.13,EUR,2026-01-18,2026-02-17,2026-03-31,42,paid
INV-2916,CUST-489,37782.54,EUR,2025-11-11,2025-12-11,2026-01-07,27,paid
INV-2917,CUST-489,3304.04,EUR,2025-12-19,2026-01-18,2026-01-24,6,paid
INV-2918,CUST-489,38030.76,EUR,2026-03-01,2026-03-31,2026-04-17,17,paid
INV-2919,CUST-489,29099.73,EUR,2026-03-16,2026-04-15,2026-05-06,21,paid
INV-2920,CUST-490,37764.29,EUR,2025-08-15,2025-09-14,2025-10-06,22,paid
INV-2921,CUST-490,1371.33,EUR,2026-06-10,2026-07-10,2026-07-25,15,paid
INV-2922,CUST-490,26691.66,EUR,2026-03-20,2026-04-19,2026-05-03,14,paid
INV-2923,CUST-490,19972.5,EUR,2025-09-23,2025-10-23,2025-11-09,17,paid
INV-2924,CUST-490,44880.77,EUR,2026-05-30,2026-06-29,2026-07-14,15,paid
INV-2925,CUST-490,27613.52,EUR,2025-10-08,2025-11-07,2025-12-13,36,paid
INV-2926,CUST-490,27612.95,EUR,2026-01-11,2026-02-10,2026-03-24,42,paid
INV-2927,CUST-491,27393.47,EUR,2026-07-01,2026-07-31,2026-08-10,10,paid
INV-2928,CUST-491,26242.65,EUR,2026-06-02,2026-07-02,2026-07-26,24,paid
INV-2929,CUST-491,16742.98,EUR,2026-03-22,2026-04-21,2026-06-03,43,paid
INV-2930,CUST-491,19444.86,EUR,2025-09-16,2025-10-16,2025-11-10,25,paid
INV-2931,CUST-491,16150.86,EUR,2026-07-02,2026-08-01,2026-08-08,7,paid
INV-2932,CUST-491,38962.78,EUR,2025-10-02,2025-11-01,2025-11-03,2,paid
INV-2933,CUST-491,36741.7,EUR,2025-12-30,2026-01-29,2026-03-10,40,paid
INV-2934,CUST-492,40937.19,EUR,2025-08-14,2025-09-13,2025-09-26,13,paid
INV-2935,CUST-492,8788.61,EUR,2025-10-05,2025-11-04,2025-12-14,40,paid
INV-2936,CUST-492,5167.15,EUR,2026-02-04,2026-03-06,2026-04-01,26,paid
INV-2937,CUST-492,33024.34,EUR,2026-07-08,2026-08-07,2026-08-09,2,paid
INV-2938,CUST-492,36971.88,EUR,2026-01-20,2026-02-19,2026-03-13,22,paid
INV-2939,CUST-492,43832.22,EUR,2026-01-23,2026-02-22,2026-03-09,15,paid
INV-2940,CUST-492,20513.51,EUR,2026-03-03,2026-04-02,2026-04-05,3,paid
INV-2941,CUST-493,31700.42,EUR,2025-11-30,2025-12-30,2026-02-08,40,paid
INV-2942,CUST-493,34772.61,EUR,2026-03-10,2026-04-09,2026-04-19,10,paid
INV-2943,CUST-493,25484.72,EUR,2026-04-06,2026-05-06,2026-06-10,35,paid
INV-2944,CUST-493,15027.15,EUR,2025-08-25,2025-09-24,2025-10-19,25,paid
INV-2945,CUST-493,35318.8,EUR,2026-01-25,2026-02-24,2026-03-07,11,paid
INV-2946,CUST-493,38663.77,EUR,2025-11-09,2025-12-09,2025-12-30,21,paid
INV-2947,CUST-494,24589.98,EUR,2025-09-10,2025-10-10,2025-10-24,14,paid
INV-2948,CUST-494,37427.79,EUR,2026-02-10,2026-03-12,2026-03-18,6,paid
INV-2949,CUST-494,29063.77,EUR,2026-06-06,2026-07-06,2026-07-21,15,paid
INV-2950,CUST-494,9029.69,EUR,2025-08-29,2025-09-28,2025-10-22,24,paid
INV-2951,CUST-494,12498.87,EUR,2026-04-10,2026-05-10,2026-06-24,45,paid
INV-2952,CUST-494,16296.25,EUR,2025-11-16,2025-12-16,2026-01-13,28,paid
INV-2953,CUST-495,43201.43,EUR,2026-05-02,2026-06-01,2026-06-21,20,paid
INV-2954,CUST-495,5727.44,EUR,2026-07-14,2026-08-13,,0,open
INV-2955,CUST-495,14525.32,EUR,2025-09-28,2025-10-28,2025-11-29,32,paid
INV-2956,CUST-495,29190.0,EUR,2025-07-29,2025-08-28,2025-09-15,18,paid
INV-2957,CUST-495,24590.84,EUR,2025-10-09,2025-11-08,2025-12-03,25,paid
INV-2958,CUST-495,31547.12,EUR,2025-09-09,2025-10-09,2025-10-21,12,paid
INV-2959,CUST-496,32255.62,EUR,2026-06-06,2026-07-06,2026-07-27,21,paid
INV-2960,CUST-496,38467.63,EUR,2025-12-27,2026-01-26,2026-02-04,9,paid
INV-2961,CUST-496,24350.99,EUR,2026-01-29,2026-02-28,2026-03-25,25,paid
INV-2962,CUST-496,41519.62,EUR,2026-05-15,2026-06-14,,58,overdue
INV-2963,CUST-497,25998.72,EUR,2025-09-11,2025-10-11,2025-10-16,5,paid
INV-2964,CUST-497,44975.2,EUR,2026-02-07,2026-03-09,2026-04-06,28,paid
INV-2965,CUST-497,11668.94,EUR,2026-07-02,2026-08-01,2026-08-05,4,paid
INV-2966,CUST-497,22656.59,EUR,2026-07-09,2026-08-08,2026-08-09,1,paid
INV-2967,CUST-497,39481.01,EUR,2026-03-19,2026-04-18,2026-05-16,28,paid
INV-2968,CUST-497,36669.42,EUR,2025-08-25,2025-09-24,2025-10-03,9,paid
INV-2969,CUST-498,11570.66,EUR,2026-02-21,2026-03-23,2026-03-24,1,paid
INV-2970,CUST-498,22160.68,EUR,2025-09-12,2025-10-12,2025-11-09,28,paid
INV-2971,CUST-498,25389.45,EUR,2025-12-22,2026-01-21,2026-02-26,36,paid
INV-2972,CUST-498,19024.7,EUR,2026-04-15,2026-05-15,2026-06-17,33,paid
INV-2973,CUST-499,28524.68,EUR,2025-12-30,2026-01-29,2026-02-22,24,paid
INV-2974,CUST-499,32038.17,EUR,2026-03-11,2026-04-10,2026-05-03,23,paid
INV-2975,CUST-499,19864.11,EUR,2026-03-10,2026-04-09,2026-05-02,23,paid
INV-2976,CUST-499,14950.84,EUR,2026-03-24,2026-04-23,2026-05-15,22,paid
INV-2977,CUST-499,43147.63,EUR,2026-06-13,2026-07-13,2026-08-09,27,paid
INV-2978,CUST-499,11712.77,EUR,2025-07-28,2025-08-27,2025-09-30,34,paid
INV-2979,CUST-499,6491.4,EUR,2025-09-29,2025-10-29,2025-11-30,32,paid
INV-2980,CUST-499,24462.91,EUR,2025-11-21,2025-12-21,2025-12-27,6,paid
INV-2981,CUST-500,32628.7,EUR,2026-03-28,2026-04-27,2026-06-11,45,paid
INV-2982,CUST-500,29307.5,EUR,2025-07-28,2025-08-27,2025-10-01,35,paid
INV-2983,CUST-500,21365.66,EUR,2026-03-30,2026-04-29,2026-06-04,36,paid
INV-2984,CUST-500,21142.56,EUR,2026-06-25,2026-07-25,2026-08-07,13,paid
INV-2985,CUST-500,42929.85,EUR,2026-06-19,2026-07-19,2026-08-05,17,paid
INV-2986,CUST-500,25507.63,EUR,2025-12-05,2026-01-04,2026-01-07,3,paid
INV-2987,CUST-500,21866.89,EUR,2026-01-26,2026-02-25,2026-04-11,45,paid
INV-2988,CUST-500,3618.94,EUR,2026-05-08,2026-06-07,2026-06-29,22,paid
INV-2989,CUST-902,25983.11,EUR,2026-03-03,2026-04-02,2026-04-03,1,paid
INV-2990,CUST-902,22493.79,EUR,2025-09-19,2025-10-19,2025-12-03,45,paid
INV-2991,CUST-902,44390.33,EUR,2026-05-15,2026-06-14,2026-06-28,14,paid
INV-2992,CUST-902,24597.09,EUR,2026-02-14,2026-03-16,2026-04-28,43,paid
INV-2993,CUST-903,11079.34,EUR,2026-02-03,2026-03-05,2026-04-06,32,paid
INV-2994,CUST-903,7175.1,EUR,2025-12-26,2026-01-25,2026-02-28,34,paid
INV-2995,CUST-903,26739.76,EUR,2025-08-08,2025-09-07,2025-09-07,0,paid
INV-2996,CUST-903,3141.31,EUR,2025-09-13,2025-10-13,2025-11-04,22,paid
INV-2997,CUST-903,6090.01,EUR,2025-09-25,2025-10-25,2025-10-29,4,paid
INV-2998,CUST-903,3612.39,EUR,2025-09-11,2025-10-11,2025-11-06,26,paid
INV-2999,CUST-906,11796.94,EUR,2026-04-14,2026-05-14,2026-06-21,38,paid
INV-3000,CUST-906,37739.68,EUR,2026-04-22,2026-05-22,2026-05-23,1,paid
INV-3001,CUST-906,41854.12,EUR,2025-08-24,2025-09-23,2025-09-30,7,paid
INV-3002,CUST-906,4738.47,EUR,2026-02-03,2026-03-05,2026-03-30,25,paid
INV-3003,CUST-906,31781.04,EUR,2025-10-02,2025-11-01,2025-12-14,43,paid
INV-3004,CUST-908,17653.05,EUR,2025-12-26,2026-01-25,2026-02-24,30,paid
INV-3005,CUST-908,38249.14,EUR,2026-05-13,2026-06-12,2026-06-21,9,paid
INV-3006,CUST-908,8641.56,EUR,2026-01-22,2026-02-21,2026-03-20,27,paid
INV-3007,CUST-908,22885.94,EUR,2026-03-15,2026-04-14,2026-04-25,11,paid
INV-3008,CUST-908,18543.11,EUR,2026-03-11,2026-04-10,2026-04-24,14,paid
INV-3009,CUST-908,44365.11,EUR,2026-01-24,2026-02-23,2026-04-04,40,paid
INV-3010,CUST-908,15815.63,EUR,2026-06-11,2026-07-11,2026-07-27,16,paid
INV-3011,CUST-904,41020.04,EUR,2026-08-03,2026-09-02,,0,open
INV-3012,CUST-904,43045.04,EUR,2026-07-23,2026-08-22,,0,open
INV-3013,CUST-904,42957.31,EUR,2026-07-25,2026-08-24,,0,open
INV-3014,CUST-904,44774.52,EUR,2026-07-31,2026-08-30,,0,open
